EvaLee_direct,Zofia_direct,Yuri_direct,Other_direct,transcript_Eng,transcript_Chn
./audio_RA2/EvaLee/AlliedWar/RA2_cevau06.mp3,,,,"The V3 is a powerful long-range artillery weapon. Beware Commander, it can level your base in minutes without you ever getting a chance to even return fire.",V3是威力强大的长程火箭。当心，指挥官，V3能在几分钟内将您的基地夷为平地，您甚至连还击的机会都没有
./audio_RA2/EvaLee/AlliedWar/RA2_cevau07.mp3,,,,"The most powerful Soviet Tank ever built, the Apocalpyse is a small army all by itself and is equipped to handle both ground and air threats.",天启坦克是苏联史上最强的坦克，本身就具备一只小型军队的火力，装备对空及对地的武装
./audio_RA2/EvaLee/AlliedWar/RA2_cevau08.mp3,,,,"The most powerful air unit ever created, the Kirov can take a beating and drop an almost unlimited number of heavy iron bombs.",基洛夫空艇是最强的空中武器，能投掷无限的铁制炸弹，攻击敌人
./audio_RA2/EvaLee/AlliedWar/RA2_cevau13.mp3,,,,"The ultimate in Soviet long-range bombardment, the Dreadnought is powerful from a distance but can be easily destroyed at close range. The Dreadnought's missiles can also be shot down by patriot missiles.",无畏级战舰是苏联究极的长程炮轰武器，远距攻击力无以伦比，但很容易在近距离被击沉。无畏级战舰所发射的飞弹能用爱国者飞弹加以击落
./audio_RA2/EvaLee/AlliedWar/RA2_cevau15.mp3,,,,"The Soviets have taken Tesla Technology to the final step, a man in a Tesla powered suit. These soldiers are excellent at destroying tanks and also seem to be able to power up Tesla Coils with their extra energy.",苏联磁能科技的最后阶段，身穿磁能动力装的士兵。这些士兵最擅长对付坦克，也能用他们额外的能源加强磁爆线圈
./audio_RA2/EvaLee/AlliedWar/RA2_cevau19.mp3,,,,"This soldier is equipped with a nuclear battle suit. He can irradiate large patches of ground, making them impassible to infantry or light vehicles.",这个士兵装备了核子战斗装。他能让周围大片土地被辐射照射，使得步兵或轻型车辆无法通过
./audio_RA2/EvaLee/AlliedWar/RA2_cevau20.mp3,,,,The Soviets have been experimenting with Psychic technology with some success. Their elite PsiCorps can cause our own loyal soldiers to turn against us.,苏联已经在心灵科技上取得一些成功。他们的精英超能力部队能让我方忠诚的士兵倒戈，兵戎相向
./audio_RA2/EvaLee/AlliedWar/RA2_cevau22.mp3,,,,"This, sir, is our IFV. It is a multipurpose raider capable of boosting the standard weapon capabilities of any infantryman inside.",长官，这是我方的步兵战斗车。多功能，适合发动突袭，能加强车内步兵制式武器的威力
./audio_RA2/EvaLee/AlliedWar/RA2_cevau23.mp3,,,,"Sir, this is an engineer. He can repair any Allied building and once inside an enemy building turn it to our side. He is much smarter than his Soviet counterpart.",长官，这是名工程师。他可以修护任何盟军建筑，一旦进入敌方建筑，就能将之转换为我方所有。他比苏联工程师要能干的许多
./audio_RA2/EvaLee/AlliedWar/RA2_cevau24.mp3,,,,"Sir, the SEAL is the elite soldier. No enemy is safe from him, whether on land or water.",长官，海豹部队是精英战士。不论是在陆地或是水中，没有敌人能逃过他的魔掌
./audio_RA2/EvaLee/AlliedWar/RA2_cevau25.mp3,,,,"Commander, the spy's ability to mask himself as the enemy and pass through their ranks gives him the needed edge to infiltrate even the most well guarded enemy building. If only they didn't taste so good to Soviet dogs.",指挥官，间谍的能力是伪装自己成为敌军并通过敌军队伍，就连渗透进防卫最森严的敌方建筑，也游刃有余。要是他们对苏联警犬来说没那么好吃的话
./audio_RA2/EvaLee/AlliedWar/RA2_cevau26.mp3,,,,The Rocketeers are the brave men who strap maneuvering thrusters to their backs and then go out to hunt enemy tanks and air forces. They are very brave.,火箭飞行兵是英勇的士兵，背上捆绑着推进器，能飞行猎杀敌方坦克及空军战机，他们十分勇敢
./audio_RA2/EvaLee/AlliedWar/RA2_cevau27.mp3,,,,"Commander, this is a Chrono Legionnaire. Using Professor Einstein's Chronal technology they teleport next to any enemy and utterly erase them from time.",指挥官，这是超时空军团兵。利用爱因斯坦教授的超时空科技，他们能瞬间传送到敌人身边，让他们彻底消失在时空中
./audio_RA2/EvaLee/AlliedWar/RA2_cevau31.mp3,,,,"Commander, our Mirage Tank's ability to hide itself among any natural objects around it make it the perfect ambush or covert surveillance vehicle.",指挥官，我方的幻影坦克的能力，是能隐藏于周围的任何自然物体中，最适合用来埋伏或秘密侦察
./audio_RA2/EvaLee/AlliedWar/RA2_cevau36.mp3,,,,"Commander, our Destroyer is the workhorse of the navy. No naval unit can long hide from it and once detected, it makes short work of the enemy.",指挥官，我方的驱逐舰是海军的苦力。没有海军部队能在驱逐舰之前躲藏太久，一旦侦测到敌人，就能迅速将之解决
./audio_RA2/EvaLee/AlliedWar/RA2_cevau37.mp3,,,,"Commander, there is no airborne threat that can evade the sight or missile of the Aegis Cruiser. It is the premier anti-air weapon.",指挥官，没有任何来自空中的威胁能逃过神盾巡洋舰的雷达、飞弹。它是主要的防空武器
./audio_RA2/EvaLee/AlliedWar/RA2_cevau38.mp3,,,,"Sir, our Aircraft Carriers are the pride of the Allied navy. In a moments notice, the carrier's planes can take out any target quickly and from a very safe distance.",长官，我方航空母舰是盟军海军的荣耀。片刻之间，舰上的战机能迅速在非常安全的距离外，摧毁任何目标
./audio_RA2/EvaLee/AlliedWar/RA2_ma1ev01.mp3,,,,"Don't forget, Sir! Order Tanya as you see fit, but we CANNOT afford to lose her. You must reach Fort Bradley before it is destroyed.",别忘记，长官！您可以用自己觉得合适的方式来指挥谭雅，但我们可承受不起失去谭雅的损失。您必须在布雷利要塞被摧毁之前，先行抵达
./audio_RA2/EvaLee/AlliedWar/RA2_ma1ev02.mp3,,,,"Looks like the bridge has been blown, we have to find another way to Fort Bradly.",看来桥被炸了。我们必须再找别的路到布雷利要塞
./audio_RA2/EvaLee/AlliedWar/RA2_ma1ev03.mp3,,,,"The Soviet Navy is attacking the Statue of Liberty, we can't let them get away with that. Sir, is there anything you can do?",苏联海军正在攻击自由女神像！我们不能让他们得逞！长官，您可以做些什么来阻止他们吗？
./audio_RA2/EvaLee/AlliedWar/RA2_ma1ev04.mp3,,,,"Doesn't sound good, sir. We're going to have double time at the rest of way to reach Fort Bradly in time.",听起来不太好，长官！我们接下来到布雷利要塞的路程得要加倍赶路才能及时赶到！
./audio_RA2/EvaLee/AlliedWar/RA2_ma1ev05.mp3,,,,"Congratulations, we've re-established the contact with Fort Bradley. They're turning over controls of the base and its troops to you.",恭喜！我们与布雷利要塞重新恢复连系了！他们倾覆了基地的控制权，还有部队，转向您这边了
./audio_RA2/EvaLee/AlliedWar/RA2_ma1ev06.mp3,,,,"We seem to have lost power, sir! Build more power plants.",我们好像在失去电力，长官！请兴建更多的发电厂
./audio_RA2/EvaLee/AlliedWar/RA2_ma1ev07.mp3,,,,Looks like the bridge has collapsed. We'll have to get our Engineers to repair it!,看来桥好像塌了。我们得找工程师来修护！
./audio_RA2/EvaLee/AlliedWar/RA2_ma1ev08.mp3,,,,"Watch out for those petroleum barrels, they seem highly unstable. Perhaps we can use them to advantage.",当心这些油桶，看来很不稳定！或许我们可用利用这些油桶
./audio_RA2/EvaLee/AlliedWar/RA2_ma1ev09.mp3,,,,Our GI's are too exposed to enemy fire! Maybe they should take shelter in nearby buildings!,我们的大兵暴露于敌人炮火下！或许他们应该就近到建筑物里找寻掩蔽！
./audio_RA2/EvaLee/AlliedWar/RA2_ma1ev10.mp3,,,,"Sir, I'm sorry to report that we've lost Tanya.",长官，我很抱歉向您报告，我们失去了谭雅
./audio_RA2/EvaLee/AlliedWar/RA2_ma1ev11.mp3,,,,"There's the Supply Base! Destroy all of the buildings, and we'll buy some time for the rest of the country!",那里就是补给基地！摧毁所有建筑物，我们就能争取一点时间，为国家争取一点时间！
./audio_RA2/EvaLee/AlliedWar/RA2_ma1ev12.mp3,,,,We've done it Sir! The Supply Base has been eliminated!,我们办到了，长官！补给基地已经被我们消灭了！
,,,./audio_RA2/Others/AlliedWar/RA2_ma2ta01.mp3,All right! This beacon's neutralized! Send in the cavalry.,好极了！心灵信标失效了！把装甲车开进来吧
./audio_RA2/EvaLee/AlliedWar/RA2_ma5ev01.mp3,,,,"You can check one missile off your list, Sir! That bird will never fly again.",您可以从列表中移掉一枚飞弹，长官！那枚飞弹再也不会飞了
./audio_RA2/EvaLee/AlliedWar/RA2_ma5ev02.mp3,,,,"Sir, we managed to capture one of the Silos - instead of destroying it! Why don't we just turn it against the other missile Silo?",长官，我们成功的占据了其中一个飞弹发射井，而不是直接摧毁！为什么不干脆把它调头对准另一个飞弹发射井呢？
./audio_RA2/EvaLee/AlliedWar/RA2_ma5ev03.mp3,,,,"If you can get a Spy into one of the Tesla Generators, he can probably shut down all of the base's power for a good 30 seconds.",要是您能让一位间谍进入这些磁能产生器中，或许他可以暂时关掉这个基地的电力，约三十秒左右的时间
./audio_RA2/EvaLee/AlliedWar/RA2_ma5ev04.mp3,,,,I'm resizing your radar to compensate for the Nuclear missile coordinates that we just received. Stand by.,我重新调整了雷达的侦测范围，以补偿我们刚刚收到的核弹坐标。请稍候
./audio_RA2/EvaLee/AlliedWar/RA2_ma5ev05.mp3,,,,"Sir! You just blew up the Soviet Battle Lab! Without the Missile Silo coordinates, we can't complete our mission!",长官！您刚刚炸毁了苏联的作战实验室！没有了飞弹发射井坐标，我们就无法完成任务！
./audio_RA2/EvaLee/AlliedWar/RA2_ma5ev06.mp3,,,,"Congratulations, Sir! With both nukes neutralized, the European Alliance can join the war! We may have just changed the course of history!",恭喜！长官，两座核弹都失效之后，欧洲盟军就能参战了！我们已经改变了历史的轨迹！
,,,./audio_RA2/Others/AlliedWar/RA2_ma5i101.mp3,"Thanks for rescuing us, Sir! Our plane was shot down by Soviet anti-aircraft. There's probably more survivors around here.",感谢您营救我们，长官！我们的飞机被苏联防空炮击坠。说不定这附近还有更多的生还者
,,,./audio_RA2/Others/AlliedWar/RA2_ma5i201.mp3,"Glad you found us, Sir! We're freezing out here!",很高兴您找到我们，长官！我们在这好冷！
,,,./audio_RA2/Others/AlliedWar/RA2_ma5i301.mp3,"Good to see you, Sir! What are our orders?",很高兴见到您，长官！我们的命令？
,,,./audio_RA2/Others/AlliedWar/RA2_ma5i401.mp3,"Be on the lookout for spies, Comrade. It seems a little too quiet tonight.",同志，仔细盯着，不要让间谍混进来。今晚似乎有点太安静了
,,,./audio_RA2/Others/AlliedWar/RA2_ma5i501.mp3,Heheh... We don't need to worry about stupid American spies. That's what the dogs are for.,呵呵...我们不需要担心愚笨的美国间谍。有警犬在就可以高枕无忧了
,,,./audio_RA2/Others/AlliedWar/RA2_ma5ta01.mp3,"Looks like we're going to need some more Spies, Sir!",看来我们需要更多间谍，长官！
,,,./audio_RA2/Others/AlliedWar/RA2_ma5ta02.mp3,"Sir, could you send some more Spies without neon camouflage this time?",长官，您能再派遣没有霓虹迷彩的间谍吗？
,,,./audio_RA2/Others/AlliedWar/RA2_ma5ta03.mp3,Looks like Spies are becoming an Endangered Species. Send some more!,看来间谍已经成为濒临绝种的动物。再派更多来！
,,,./audio_RA2/Others/AlliedWar/RA2_ma5ta04.mp3,"Cru...(Beep) son of a ... Sorry, Sir, but we need some more Spies.",真是...他...的！抱歉长官，但我们需要更多间谍
./audio_RA2/EvaLee/AlliedWar/RA2_ma6ev01.mp3,,,,Hey! That's not Lincoln. They've put a Stalin head on him!,嘿，这不是林肯。他们在林肯身上换了斯大林的头
./audio_RA2/EvaLee/AlliedWar/RA2_ma6ev02.mp3,,,,"Sir, several of our vehicles have been eaten by Terror Drones. Our Service Depot can remove the drones and save our vehicles.",长官，我们有几台车辆被恐怖机器人吃了。我们的维修厂能移除这些机器人，挽救我们的车辆
./audio_RA2/EvaLee/AlliedWar/RA2_ma7ev01.mp3,,,,"Commander, Niihau Island has fallen. We should prepare the rest of Hawaii for invasion.",指挥官，尼伊豪岛陷落了。我们应该在夏威夷其他群岛加强准备，等待入侵敌军
,,,./audio_RA2/Others/AlliedWar/RA2_ma8ia01.mp3,Can't concentrate... Voices in my head - victory to the Soviet Union.,无法集中注意力...脑海中的声音——胜利属于苏联！
,,,./audio_RA2/Others/AlliedWar/RA2_ma8ia02.mp3,Victory to the Sov... We're free! Get'em!,胜利属于苏...我们自由了！抓住他们！
,,,./audio_RA2/Others/AlliedWar/RA2_ma8ta01.mp3,"Must reach the beacon, just a little bit farther... Long live the glorious people's Soviet state.",必须抵达心灵信标，就差一点...光荣的人民代表苏维埃政府万岁
,,,./audio_RA2/Others/AlliedWar/RA2_ma9se01.mp3,We're going to need some help getting through those defenses.,我们需要一些帮助来通过那些防线
,,,./audio_RA2/Others/AlliedWar/RA2_ma9se02.mp3,"Hot Tamale! That's no Mayan Pyramid, that's a Prism Cannon.",太酷了！那根本不是玛雅金字塔，那是个棱镜加农炮
,,,./audio_RA2/Others/AlliedWar/RA2_ma9se03.mp3,"Sir, these freedom fighters want to join up.",长官，这些自由斗士想要加入我们
,,,./audio_RA2/Others/AlliedWar/RA2_maaei01.mp3,"What does this button do? Please don't touch the auxiliary controls, professor. They notify the Commander of important events.",这个按钮是干嘛的？请不要按这个辅助控制按钮，教授。它们可以通知指挥官很多重要的情报
,,,./audio_RA2/Others/AlliedWar/RA2_maaei02.mp3,"Commander! Look out! They are over here. Professor, please stay off this channel.",指挥官！注意！他们过来了。教授，请您离开这个频道
,,,./audio_RA2/Others/AlliedWar/RA2_maaei03.mp3,Get these Commander! Here they are! Here! Professor Einstein! I'm sure the Commander sees that.,抓住这些人，指挥官！他们在这！在这！爱因斯坦教授，我非常确信指挥官已经看到了
,,,./audio_RA2/Others/AlliedWar/RA2_maaei04.mp3,You should see this Commander! Professor if you touch the controls again...,您应该见见这个，指挥官！教授，如果您再触碰这些控制按钮一下...
./audio_RA2/EvaLee/AlliedWar/RA2_maaev05.mp3,,,,"Sir, if you build and deploy a spy satellite you will be able to see the entire combat area.",长官，要是您兴建并部署一枚间谍卫星，您就能看见整个作战区域
./audio_RA2/EvaLee/AlliedWar/RA2_maaev06.mp3,,,,"We're rather low on resources in this location, sir. Perhaps you should construct an Ore Purifier so we can get more out of what we have.",我们在这区域的资源不足，长官。或许您应该兴建矿石精炼器，我们就能从所有的得到更多
./audio_RA2/EvaLee/AlliedWar/RA2_macev01.mp3,,,,"Attempting to jam all calls for help from Soviet Command, but a few got through. Heavier Soviet reinforcements arriving soon.",尝试干扰苏联指挥部的求救讯息，但还是有一些讯息传出去了。更大规模的苏联援军很快就会赶到
./audio_RA2/EvaLee/AlliedWar/RA2_macev02.mp3,,,,"Teleporting troops arriving in 5, 4, 3, 2, 1.",传送部队将在5，4，3，2，1秒后到达
./audio_RA2/EvaLee/AlliedWar/RA2_macev03.mp3,,,,"Intercepting broadcast from Soviet Command. Romanov's panicking, sir. He's called for air evacuation. The transports will arrive in 2 minutes.",拦截苏联指挥部的广播消息。罗曼诺夫陷入惊慌，长官。他呼叫空军前来撤离。运输机两分钟内会抵达
./audio_RA2/EvaLee/AlliedWar/RA2_macev04.mp3,,,,Soviet evacuation transports arriving in 1 minute.,苏联撤退输送机一分钟内会抵达
./audio_RA2/EvaLee/AlliedWar/RA2_macev05.mp3,,,,Soviet evacuation transports arriving in 30 seconds.,苏联撤退输送机三十秒钟内会抵达
./audio_RA2/EvaLee/AlliedWar/RA2_macev06.mp3,,,,"Sir, Romanov is calling for evacuation again. He is trying to escape.",长官，罗曼诺夫再度呼叫撤离。他打算要溜了！
./audio_RA2/EvaLee/AlliedWar/RA2_macev07.mp3,,,,Soviet units are defecting to our side.,苏联部队投向我方了
./audio_RA2/EvaLee/AlliedWar/RA2_macev08.mp3,,,,Psychic Amplifier destroyed.,摧毁心灵控制增幅器
./audio_RA2/EvaLee/AlliedWar/RA2_macev09.mp3,,,,Romanov captured.,已俘虏罗曼诺夫
,,,./audio_RA2/Others/AlliedWar/RA2_macis01.mp3,We will never surrender! Death to the Allies!,我们绝不投降！同盟国去死吧！
,,,./audio_RA2/Others/AlliedWar/RA2_macta01.mp3,We can't let Romanov get away!,我们不能让罗曼诺夫离开
,,,./audio_RA2/Others/AlliedWar/RA2_macve01.mp3,I'm going to be sick.,我好像不太舒服
,,,./audio_RA2/Others/AlliedWar/RA2_macve02.mp3,Where are we?,我们在哪里？
,,,./audio_RA2/Others/AlliedWar/RA2_macve03.mp3,Is this Russia?,这里是俄罗斯吗？
./audio_RA2/EvaLee/AlliedWar/RA2_cevau39.mp3,,,,"Yuri's Boomer Submarines have ballistic missiles that can be fired from a great distance, send Dolphins and Destroyers out as soon as you detect one.",尤里的雷鸣潜艇装备有可以从很远的地方发射的弹道导弹，一旦你发现了一艘，赶紧派出海豚和驱逐舰
./audio_RA2/EvaLee/AlliedWar/RA2_cevau40.mp3,,,,No doubt the result of indiscriminate Genetic Mutations. The Brute has the strength of 20 men and can even smash tanks. Try to engage it from long range if possible.,毫无疑问这是不加选择的基因突变的结果。狂兽人拥有20个人的力量，甚至可以粉碎坦克。如果可能，请尝试从远距离与之交战
./audio_RA2/EvaLee/AlliedWar/RA2_cevau41.mp3,,,,"Tanya's report is the most information we have on this weapon. Somehow it drives people berserk, and they begin firing indiscriminately. If you see one, destroy it quickly.",谭雅的报告是我们掌握的关于这种武器的最多信息。不知何故，它使人们发狂，他们开始不分青红皂白地开枪。如果你看到一个，迅速摧毁它
./audio_RA2/EvaLee/AlliedWar/RA2_cevau42.mp3,,,,Hmm... Looks like even Yuri can't do without engineers. I guess somebody's gotta tighten the bolts in his head.,嗯……看来连尤里都离不开工程师。我觉得该有人拧紧他头上的螺栓了
./audio_RA2/EvaLee/AlliedWar/RA2_cevau43.mp3,,,,"If this doesn't prove Yuri is insane, then nothing will. Yuri's Floating Disk is designed to steal resources from our bases. I have no idea why it was built to look like a flying saucer.",如果这不能证明尤里疯了，那么没有东西能了。尤里的雷射幽浮旨在窃取我们基地的资源。我不知道为什么它被建造成看起来像一个飞碟
./audio_RA2/EvaLee/AlliedWar/RA2_cevau44.mp3,,,,"This is one of Yuri's new Gatling Tanks. Their guns shoot faster and inflict more damage the longer a fight goes on. If you run across them, take them out quickly, or they'll be able to rip through your forces.",这是尤里的新加特林坦克之一。战斗持续的时间越长，他们射击速度越快，造成的伤害越多。如果您遇到它们，请迅速将它们带走，否则它们将能够撕裂您的部队
./audio_RA2/EvaLee/AlliedWar/RA2_cevau45.mp3,,,,"This is Yuri's Hover Transport, Commander.",这是尤里的装甲运兵船，指挥官
./audio_RA2/EvaLee/AlliedWar/RA2_cevau46.mp3,,,,"This is it's one of Yuri's Initiates. They can't control minds yet, but nothing is safe from their psychic blasts.",这是尤里的新兵之一。他们还不能控制心灵，但在他们的心灵冲击波前没有什么是安全的
./audio_RA2/EvaLee/AlliedWar/RA2_cevau47.mp3,,,,"Yuri's Lasher Tank looks like an old Soviet prototype they made match our own Grizzly Tank's speed. According to our reports, it's no match for our tanks unless Yuri has made some vast improvement which I doubt.","尤里的鞭笞者坦克看起来像它们曾制作的一个旧的苏联原型,速度能与我们自己的灰熊坦克相当。根据我们的报告，它无法与我们的坦克匹敌，但我怀疑尤里已经做出一些的巨大改进"
./audio_RA2/EvaLee/AlliedWar/RA2_cevau48.mp3,,,,"Yuri's Magnitron doesn't have a weapon, but it can pull vehicles toward it with a powerful energy beam. I assume that Yuri built them to work in concert with mind controlling units.",尤里的磁电坦克没有武器，但它可以用强大的能量束将车辆拉向它。我认为尤里建造它们是为了与心灵控制单位协同工作。
./audio_RA2/EvaLee/AlliedWar/RA2_cevau49.mp3,,,,And I thought the Brute was bad. Yuri calls this thing a Mastermind. It's basically a big brain on wheels that mine controls anything that gets near it. Don't get near it.,我还觉得狂兽人很糟糕了。尤里称这东西为心灵之主。它就是个带轮子的大脑子，会控制任何靠近它的东西。不要靠近它
./audio_RA2/EvaLee/AlliedWar/RA2_cevau50.mp3,,,,This is Yuri's Construction Vehicle.,这是尤里的基地车
./audio_RA2/EvaLee/AlliedWar/RA2_cevau51.mp3,,,,"Yuri uses these Slaves to gather the resources he needs to fight his war. They are forced to work until they drop and then Yuri enslaves more. Free them, and they'll join our fight against Yuri.",尤里使用这些奴隶来收集他打仗所需的资源。他们被迫工作直到累垮，然后尤里奴役更多。解放他们，他们会加入我们对抗尤里的战斗
./audio_RA2/EvaLee/AlliedWar/RA2_cevau52.mp3,,,,"Yuri's resources are gathered by slaves and refined inside the Slave Miner vehicle. If you destroy it, the slave inside will be freed.",尤里的资源由奴隶收集并在奴隶采矿车内提炼。如果你摧毁它，里面的奴隶就会被解放
./audio_RA2/EvaLee/AlliedWar/RA2_cevau53.mp3,,,,"Little is known about the mercenary group called virus, except they are all female, and their weapons inject a lethal virus into their victims. Don't get hit by one of their darts, Commander. No one has ever survived its effects.",我们对名为病毒的雇佣军组织知之甚少，除了她们都是女性，她们的武器将致命的病毒注射到受害者身上。不要被他们的一支飞镖击中，指挥官。没有人从它的作用下幸存下来
./audio_RA2/EvaLee/AlliedWar/RA2_cevau54.mp3,,,,"Yuri's Clones are not as powerful as the original, but their ability to control minds is a definite threat on the battlefield.",尤里的克隆人没有原版那么强大，但他们控制心灵的能力在战场上是绝对的威胁
./audio_RA2/EvaLee/AlliedWar/RA2_cevau55.mp3,,,,"Yuri is the greatest threat to mankind. If the coward ever shows himself in the field, throw everything you've got at him. No one is safe until Yuri is stopped.",尤里是人类最大的威胁。如果这个懦夫胆敢出现在战场上，就把你有的弹药都发射给他。在阻止尤里之前，没有人是安全的
./audio_RA2/EvaLee/AlliedWar/RA2_cevau56.mp3,,,,"This is Yuri's Barrack's building, Commander.",这是尤里的兵营建筑，指挥官
./audio_RA2/EvaLee/AlliedWar/RA2_cevau57.mp3,,,,"This is Yuri's Battle Lab, Commander. Like our own, it allows him to dramatically increase his technology.",这是尤里的战斗实验室，指挥官。就像我们自己的一样，这使他能够显著地提高他的科技
./audio_RA2/EvaLee/AlliedWar/RA2_cevau58.mp3,,,,"Yuri's Bio-Reactor can generate some power on its own, but if Yuri captures any of our troops, he will put them inside the reactors and drain additional power from their bodies.",尤里的生物反应堆可以自己产生一些能量，但如果尤里俘虏了任何我们的部队，他会将他们放入反应堆中，并从他们的身体中吸取额外的能量
./audio_RA2/EvaLee/AlliedWar/RA2_cevau59.mp3,,,,Yuri Citadel Walls are exceptionally tough. Don't expect to break them down while under fire.,尤里城墙异常坚固。不要指望在受到攻击时拆除它们
./audio_RA2/EvaLee/AlliedWar/RA2_cevau60.mp3,,,,The Cloning VAT doubles Yuri's ability to create an army your position can quickly be overrun by a swarm of initiates if you let a Cloning VAT do its work.,克隆缸使尤里创建军队的能力翻倍，如果您放任克隆缸不管的话，您的位置可能会很快被一群新兵占领
./audio_RA2/EvaLee/AlliedWar/RA2_cevau61.mp3,,,,The Gatling Cannon defense structures are lethal to both land and air units. Their cannons spin and fire faster the longer a target is within range.,加特林机炮防御结构对陆地和空中单位都是致命的。目标在射程内的时间越长，他们的机炮旋转和射击就越快
./audio_RA2/EvaLee/AlliedWar/RA2_cevau62.mp3,,,,"Yuri sees people as pounds in his game, and the Grinder proves it. Yuri mind-controls people and grinds them into resources to fund his war. It would be a fit-in to feed Yuri into his own machine.",尤里在他的游戏中将人视为英镑，而回收厂证明了这一点。尤里心灵控制人们并将他们磨成资源来为他的战争提供资金。把尤里喂到他自己的机器里倒是很合适
./audio_RA2/EvaLee/AlliedWar/RA2_cevau63.mp3,,,,Yuri uses the psychic sensor as a radar device. It also allows him to scout a remote location by looking through the eyes of enemy troops.,尤里使用心灵感应器作为雷达装置。它还使尤里能够通过敌军的眼睛来侦察一个远处的位置
./audio_RA2/EvaLee/AlliedWar/RA2_cevau64.mp3,,,,"Commander, beware of Yuri's Psychic Tower. If units get too close to it, they become mindless slaves to Yuri. Destroying the tower or cutting its power will free up any controlled units.",指挥官，小心尤里的心灵控制塔。如果单位离它太近，他们就会成为尤里的无意识奴隶。摧毁塔或切断其电源将释放任何受控单位
./audio_RA2/EvaLee/AlliedWar/RA2_cevau65.mp3,,,,Destroy Yuri's Submarine pen to keep him from building his boomer subs. Yuri doesn't have any other way to effectively attack sea targets.,摧毁尤里的潜艇船坞，阻止他建造他的雷鸣潜艇。尤里没有任何其他方法可以有效地攻击海上目标
./audio_RA2/EvaLee/AlliedWar/RA2_cevau66.mp3,,,,Yuri's weak armor divisions are reinforced by his tank bunkers. Once inside a tank is protected from all damage.,尤里的坦克碉堡加强了尤里薄弱的装甲师。一旦进入，坦克就可以免受所有损坏
./audio_RA2/EvaLee/AlliedWar/RA2_cevau67.mp3,,,,This is Yuri's War Factory.,这是尤里的战争工厂
./audio_RA2/EvaLee/AlliedWar/RA2_cevau68.mp3,,,,Yuri has managed to develop the force shield defense system only days after we developed our own. It would seem that Yuri got a hold of one of our spies.,尤里在我们开发了自己的防御系统后几天就成功地开发了力场护盾防御系统。似乎尤里抓住了我们的一个间谍
./audio_RA2/EvaLee/AlliedWar/RA2_cevau69.mp3,,,,"Yuri's Genetic Mutator can turn anyone at targets into a mutated Brute. Get your men out of your base before this goes off, or you'll have an army of brutes inside your walls.",尤里的基因突变器可以将目标中的任何人变成变异的狂兽人。在这件事发生之前让你的人离开你的基地，否则你的墙内会有一群狂兽人大军
./audio_RA2/EvaLee/AlliedWar/RA2_cevau70.mp3,,,,"If we don't put an end to Yuri's Psychic Dominator, it will put an end to all mankind. It can enslave any of your troops or vehicles and turn them against you. Don't let Yuri turn our troops against us, sir.",如果我们不终结尤里的心灵控制器，它将终结全人类。它可以奴役你的任何部队或车辆，并让他们反抗你。不要让尤里让我们的部队反抗我们，长官
./audio_RA2/EvaLee/AlliedWar/RA2_cevau71.mp3,,,,"Sir, our new Battle Fortress crushes enemy armor that crosses its path while it carries our soldiers to battle, plus everyone inside can fire from its many gunports.",长官，我们的新战斗要塞可以在载着我们的士兵上战场时粉碎穿过其路径的敌人装甲，而且里面的每个人都可以从它的许多炮口开火
./audio_RA2/EvaLee/AlliedWar/RA2_cevau72.mp3,,,,The Korean Black Eagle Squadron will provide air support in our fight against Yuri. Theirs are the most lethal planes in the air.,韩国黑鹰中队将在我们与尤里的战斗中提供空中支援。他们的飞机是空中最致命的飞机
./audio_RA2/EvaLee/AlliedWar/RA2_cevau73.mp3,,,,The Force Shield defense system was designed to protect our bases against Soviet nuclear assault. Hopefully it will defend against Yuri's weapons also.,力场护盾防御系统旨在保护我们的基地免受苏联核攻击。希望它也能抵御尤里的武器
./audio_RA2/EvaLee/AlliedWar/RA2_cevau74.mp3,,,,The French Grand Cannon is a devastating base defense turret. It’s effective against even large-scale assaults.,法国巨炮是一个毁灭性的基地防御炮塔。即使是大规模的攻击也能有效
./audio_RA2/EvaLee/AlliedWar/RA2_cevau75.mp3,,,,"Commander, these are Guardian GIs. They're armed with both machine guns and anti-tank rockets. When deployed, they are able to reduce a tank into scrap metal in seconds.",指挥官，这是重装大兵。他们装备有机枪和反坦克火箭。部署后，他们能够在几秒钟内将坦克变成废金属
./audio_RA2/EvaLee/AlliedWar/RA2_cevau76.mp3,,,,"GI Paratroopers can drop into any location, use them to scout an area or attack an exposed enemy flank.",大兵伞兵可以降落到任何位置，用它们侦察一个区域或攻击暴露的敌方侧翼
./audio_RA2/EvaLee/AlliedWar/RA2_cevau77.mp3,,,,"Sir, this is the Robot Control Center. With it you can command our new Robot Tanks, a fast attack anti-armor robot.",长官，这里是机器人控制中心。有了它，您可以指挥我们的新型机器人坦克，这是一种快速攻击的反装甲机器人
./audio_RA2/EvaLee/AlliedWar/RA2_cevau78.mp3,,,,"This is our new robot tank. Since it has no driver, it can't be mind-controlled by Yuri. Its only weakness is that it’s linked to the Robot Control Center. If the center goes down, all robot tanks are inoperable.",这是我们的新机器人坦克。既然没有司机，就不能被尤里用意念控制。它唯一的弱点是它与机器人控制中心相连。如果中心发生故障，所有机器人坦克都无法操作。
./audio_RA2/EvaLee/AlliedWar/RA2_cevau79.mp3,,,,The British Sniper core has joined our fight. Use them to take out Yuri's mind control units from long range.,英国狙击手核心加入了我们的战斗。用它们远距离消灭尤里的心灵控制单位
./audio_RA2/EvaLee/AlliedWar/RA2_cevau80.mp3,,,,"The German Tank Destroyer was designed to punch through vehicle armor. It's effective against enemy tanks, but it does very little damage to buildings.",德国坦克杀手旨在穿透车辆装甲。它对敌方坦克有效，但对建筑物的伤害很小
./audio_RA2/EvaLee/AlliedWar/RA2_cevau81.mp3,,,,"The Soviet Conscript has never been a matched for our own GIs, but a squad of them in a battle bunker can hold a position against three times their number.",苏联动员兵从来没法与我们自己的大兵相匹敌，但一班动员兵在战斗碉堡中可以抵御三倍于他们人数的敌军
./audio_RA2/EvaLee/AlliedWar/RA2_cevau82.mp3,,,,The Soviet super commando Boris especially trained and heavily armed. He also seems to have special authority to order an air strike at his own discretion.,苏联超级突击手鲍里斯特别训练有素，全副武装。他似乎也有特殊的权力，可以自行决定进行空袭
./audio_RA2/EvaLee/AlliedWar/RA2_cevau83.mp3,,,,The Soviet main army has incorporated Libyan Demolition Trucks into its fighting force. I don't know how you get someone to agree to drive a truck with a nuke in the back.,苏联主力军已将利比亚自爆卡车纳入其战斗力量。我不知道得如何让别人同意驾驶一辆后部装有核弹的卡车
./audio_RA2/EvaLee/AlliedWar/RA2_cevau85.mp3,,,,"We don't know how the Soviets got hold of our force shield technology, but they have it now. So, prepare for it when using the weather control device.",我们不知道苏联人是如何掌握我们的力场护盾技术的，但他们现在有了。因此，在使用天气控制机时要做好准备
./audio_RA2/EvaLee/AlliedWar/RA2_cevau86.mp3,,,,"The Soviet Industrial plant increases their productivity, and as a result, increases the number of enemies you'll face on the field. Destroy it whenever possible.",苏联工业工厂提高了他们的生产力，从而增加了你在战场上将面临的敌人数量。尽可能销毁它
./audio_RA2/EvaLee/AlliedWar/RA2_cevau87.mp3,,,,"The Soviets mocked our Rocketeers, but they seem to be using the same design in Cosmonaut training, they've replaced the Rocketeer's light machine gun with a laser rifle.",苏联人嘲笑我们的火箭飞行兵，但他们似乎在登月火箭员训练中使用了相同的设计，他们用激光步枪代替了火箭飞行兵的轻机枪
./audio_RA2/EvaLee/AlliedWar/RA2_cevau88.mp3,,,,"The Siege Chopper has limited weapons while in the air, that if it lands, it can deploy a large cannon and become a powerful turret. The combination of fire power and mobility gives it a distinct tactical advantage.",攻城直升机在空中的武器有限，如果它降落，它可以部署一门大炮并变成一个强大的炮塔。火力和机动性的结合使其具有明显的战术优势
./audio_RA2/EvaLee/AlliedWar/RA2_cevau89.mp3,,,,"With the loss of Yuri and a psychic device, the Soviets have had to resort to conventional recon methods like the spy plane. Keep your eyes open and anti-air defenses ready.",由于失去了尤里和一种心灵装置，苏联人不得不求助于传统的侦察方法，比如侦察机。睁大眼睛，准备好防空系统。
./audio_RA2/EvaLee/AlliedWar/RA2_cevau90.mp3,,,,"The Cuban Terrorist destroys buildings or any smaller target by voluntarily detonating explosives Strapped to his back. When possible, neutralize him from long range to avoid collateral damage.",古巴恐怖份子通过自愿引爆绑在他背上的炸药来摧毁建筑物或任何较小的目标。如果可能的话，从远距离中和他以避免附带伤害
./audio_RA2/EvaLee/AlliedWar/RA2_cevau91.mp3,,,,The Russian Tesla Tank can shoot bolts of electricity with devastating effect. Be sure to attack them in superior numbers.,俄罗斯磁能坦克可以发射具有毁灭性影响的电击。一定要以更多的数量攻击他们
./audio_RA2/EvaLee/AlliedWar/RA2_cevau92.mp3,,,,"Hospitals provide medical treatment for soldiers in the field. As long as we have one under our control, the supplies can get to the men and keep them patched up.",医院为战场上的士兵提供医疗服务。只要有一个在我们的控制之下，补给就可以送达士兵并治疗他们
./audio_RA2/EvaLee/AlliedWar/RA2_cevau93.mp3,,,,A Machine Shop is an invaluable source of repair parts for our vehicles in the field. Constant repairs to all vehicles are possible as long as we can keep a shop running.,机械车间是我们战场上车辆维修零件的宝贵来源。只要我们可以保持商店运转，就可以对所有车辆进行持续维修
./audio_RA2/EvaLee/AlliedWar/RA2_cevau94.mp3,,,,"In the chaos of war, Secret Labs have been discovered in the battlefield. Capture them with an engineer to gain their technologies.",在战争的混乱中，秘密实验室在战场上被发现。用工程师占领他们以获得他们的技术
,,,./audio_RA2/Others/AlliedWar/RA2_a01_p01.mp3,"The Golden Gate Bridge entrance was destroyed by the Soviets during the war. Protect the time machine until you can capture enough power plants to bring it online. Be careful, Commander, Yuri's initiates are coming the city. They want those power plants too.",金门大桥入口在战争中被苏联摧毁。保护时间机器，直到您可以占领足够的发电厂以使其恢复供电。小心，指挥官，尤里的新兵们正在前往这个城市，他们也想要那些发电厂
,,,./audio_RA2/Others/AlliedWar/RA2_a02_p01.mp3,You should establish your own base before attempting to locate Yuri's forces.,在尝试定位尤里的部队之前，你应该建立自己的基地
,,,./audio_RA2/Others/AlliedWar/RA2_a03_p01.mp3,"Taking out those nukes is priority one! We have our own superweapon: one of Einstein's weather control machines. Use it on that base, pronto!",除掉那些核武器是第一要务！我们有自己的超级武器：爱因斯坦的天气控制机便是其中之一。对着那个设施使用它，火速！
,,,./audio_RA2/Others/AlliedWar/RA2_a04_p01.mp3,You'll have to construct your own base. Special Agent Tanya will be available to assist you with the Professor's rescue. He's being held at a secret base near the large pyramid. There are oil fields to the east. Our new Tank Destroyers can easily cut through Yuri's forces here. Good luck.,你必须建立自己的基地。特工谭雅将协助您解救教授。他被关押在大金字塔附近的一个秘密基地。东边有油田。我们的新型坦克杀手可以在这里轻松地击穿尤里的部队。祝你好运
,,,./audio_RA2/Others/AlliedWar/RA2_a05_p01.mp3,"We'll launch our offensive near the Opera House. Yuri's lab is here, intel also reports that he has a submarine fleet somewhere in the region.",我们将在歌剧院附近发动进攻。尤里的实验室就在这里，情报还说他在该地区的某个地方拥有一支潜艇舰队
,,,./audio_RA2/Others/AlliedWar/RA2_a05_p02.mp3,"This horribly disfigured soldier is called a Brute, they're powerful enough to topple over a full-size tank. Watch out for them, Commander.",这种可怕的毁容士兵被称为狂兽人，他们的力量足以把一个正常大小的坦克掀翻。小心他们，指挥官
,,,./audio_RA2/Others/AlliedWar/RA2_a06_p01.mp3,"We'll setup our defenses by the Parliament building. My money says Yuri will launch an offensive from the east, he might even sneak down the Thames River. We've got to build us an impenetrable air and sea defense. The leaders are already arriving, if they get killed or mind-controlled, everything we've done up 'till now won't mean diddly! Comprehending?",我们将在议会大楼旁设置防御。我的钱说尤里会从东方发动进攻，他甚至可能会偷偷潜入泰晤士河。我们必须建立我们坚不可摧的空中和海上防御。首领们已经到了，如果他们被杀或被精神控制，我们到现在为止所做的一切都徒劳了！懂了吗？
,,,./audio_RA2/Others/AlliedWar/RA2_a06_p04.mp3,"We've tracked down the location of Yuri's London base. Soviet forces will be joining us anytime now, use 'em! Burn that base to the ground and scatter the ashes!",我们已经找到了尤里伦敦基地的位置。苏联军队将随时加入我们，利用他们！把那个基地烧成灰烬！
,,,./audio_RA2/Others/AlliedWar/RA2_a07_p01.mp3,"You'll have to repair this abandoned Soviet base. The cliffs surrounding the Antarctic shoreline make a naval assault impossible. Once you get radar up and running, we'll chrono in an MCV. Yuri's transmissions are coming in from the east. We're rooting for you, Commander. The whole world is watching and waiting.",你必须修复这个废弃的苏联基地。南极海岸线周围的悬崖使海军进攻成为不可能。一旦您启动并运行雷达，我们将会超时空传送过来一辆基地车。尤里的信号是从东方传来的。我们支持你，指挥官。全世界都在观望和等待
./audio_RA2/EvaLee/AlliedWar/RA2_xa1ev01.mp3,,,,We've established the base just south of the Golden Gate. The entrance was destroyed by the Soviets at the beginning of the war.,我们在金门大桥以南建立了基地。入口在战争开始时被苏军摧毁
./audio_RA2/EvaLee/AlliedWar/RA2_xa1ev02.mp3,,,,This is Professor Einstein’s Time Machine. You must defend it until you control enough power to bring it online.,这就是爱因斯坦教授的时光机。你必须保卫它，直到你控制足够的电力使它上线
./audio_RA2/EvaLee/AlliedWar/RA2_xa1ev03.mp3,,,,"Be careful, Commander. Yuri has his Initiates and Lasher Tanks controlling the area around the city’s power facilities.",要小心，指挥官。尤里正让他的新兵和狂风坦克控制城市电力设施周围的区域
./audio_RA2/EvaLee/AlliedWar/RA2_xa1ev04.mp3,,,,"Good job, Commander. Just a few more power plants and we should be able to power up the time machine.",干得好，指挥官。只要再有几个发电厂，我们就可以给时光机供电了
./audio_RA2/EvaLee/AlliedWar/RA2_xa1ev05.mp3,,,,"Commander, one of our power plants has come under attack. If we lose too many there won't be enough left in the city to charge up the time machine.",指挥官，我们的一个发电厂受到了攻击。如果我们损失太多，城市里就没有足够的东西给时光机供电了
./audio_RA2/EvaLee/AlliedWar/RA2_xa1ev06.mp3,,,,"Commander, the time machine is under attack. You must protect it until we have enough power to activate the device.",指挥官，时光机受到了攻击。你必须保护它，直到我们有足够的电力来激活这个装置
./audio_RA2/EvaLee/AlliedWar/RA2_xa1ev07.mp3,,,,"Sir, those Soviet Dreadnoughts are pummelling the city. Use Tanya and our Grand Cannons on the Soviet fleet to protect the city.",长官，那些苏联无畏舰正在猛烈攻击城市。用谭雅和我们的大炮对付苏联舰队，保护城市
,,,./audio_RA2/Others/AlliedWar/RA2_xa1ta01.mp3,One short swim to Alcatraz and I'll blow that psychic contraption sky high!,只要游到恶魔岛，我就会把那个通灵装置炸上天！
,,,./audio_RA2/Others/AlliedWar/RA2_xa1ta02.mp3,"This time, Yuri's going down!",这一次，尤里要完蛋了！
,,,./audio_RA2/Others/AlliedWar/RA2_xa2ar01.mp3,"Yuri sent these puny weaklings to feed me to his Grinder and give his men massacres. Harness my rage, Commander, and show Yuri's girly men what it means to be powerful!",尤里派这些微不足道的偻偻们，想把我送进他的研磨机并让他的军队屠杀。趁我的怒火还没消，指挥官，让尤里的娘娘腔们看看什么才是真正的力量！
./audio_RA2/EvaLee/AlliedWar/RA2_xa2ev01.mp3,,,,"Sir, if you can secure the area around LAX and then get an engineer inside, we will have access to paratrooper reinforcements.",长官，如果你能保证洛杉矶机场周围的安全，然后让工程师进去，我们就能获得伞兵的增援
./audio_RA2/EvaLee/AlliedWar/RA2_xa2ev02.mp3,,,,"Commander, Yuri has set up Grinders and POW camps through out the city. Free the civilians and destroy every Grinder.",指挥官，尤里在全市范围内设立了研磨机和战俘营。释放平民并摧毁每一个研磨机
./audio_RA2/EvaLee/AlliedWar/RA2_xa2ev03.mp3,,,,"Commander, there are more action heroes held captive in the city. All of them apparently do their own stunts. You might as well put them to work.",指挥官，有更多的动作演员被囚禁在城市里。他们显然都有自己的特技。你不妨让他们去工作
./audio_RA2/EvaLee/AlliedWar/RA2_xa2ev04.mp3,,,,"It looks like Yuri's got the studio to film another dinosaur movie. Yuri's not very creative, is he?",看起来尤里正在让工作室拍摄另一部恐龙电影。尤里可真是没活了，不是吗？
./audio_RA2/EvaLee/AlliedWar/RA2_xa2ev05.mp3,,,,"You've found a movie action hero, Commander. I Love his westerns, do you think you can get his autograph for me when you get the chance?",你发现了一名动作电影演员，指挥官。我喜欢他的西部片，你认为当你有机会时，你能为我得到他的签名吗？
./audio_RA2/EvaLee/AlliedWar/RA2_xa2ev06.mp3,,,,"Nice going, Commander! Yuri won't be using civilians to fund his war machine any longer. Maybe they'll make a movie about you after all this is over.",干得好，指挥官！尤里不会再利用平民来资助他的战争机器了。也许在这一切结束后，他们会拍一部关于你的电影
,,,./audio_RA2/Others/AlliedWar/RA2_xa2gg01.mp3,"Thanks for rescuing us, sir. Let's put the rest Yuri's Grinders out of the business!",谢谢你救了我们，长官。让我们把剩下的尤里的研磨机赶出去！
,,,./audio_RA2/Others/AlliedWar/RA2_xa2sl01.mp3,"Yo! Thanks for getting me out, Commander.",哟！谢谢你把我救出来，指挥官
,,./audio_RA2/Yuri/AlliedWar/RA2_xa2yu01.mp3,,Aren't you overreacting?,你是不是反应过激了？
,,,./audio_RA2/Others/AlliedWar/RA2_xa2ca01.mp3,Yuri’s got an operational Nuclear Silo in the area. Taking out that nuke should be priority one. Now we have our own operational super weapon in the area.,尤里在该地区有一个正在运行的核弹发射井。取出那个核弹应该是第一要务。现在我们在这一地区有了我们自己的超级武器
,,,./audio_RA2/Others/AlliedWar/RA2_xa2ca02.mp3,"One of Professor Einstein’s Weather Control Machines. Use it on Yuri’s base, pronto! Take out his War Factory and Barracks if you can. That should even the odds for us.",赶快用爱因斯坦教授的天气控制机之一来对付尤里的基地！如果可以的话，把他的战争工厂和兵营都干掉。这对我们来说应该是最有利的
./audio_RA2/EvaLee/AlliedWar/RA2_xa3ev01.mp3,,,,"Be careful when you approach the Massivesoft Campus, sir. Yuri has guard units surrounding the main building. We can't afford to be caught by surprise.",先生，当你接近巨软园区时要小心。尤里在主楼周围安排了警卫部队。我们不能被打草惊蛇
./audio_RA2/EvaLee/AlliedWar/RA2_xa3ev02.mp3,,,,"This is the Space Needle, Commander. Garrisoning some GIs here will give us an excellent view of the city and will allow us to better see what Yuri's forces are doing.",这里是太空针塔，指挥官。在这里驻扎一些美国大兵会给我们一个很好的城市视野，并能让我们更好地看到尤里的部队在做什么
./audio_RA2/EvaLee/AlliedWar/RA2_xa3ev03.mp3,,,,"Sir, we need more power to bring the Weather Control Device back online.",长官，我们需要更多的电力来使天气控制装置重新启动
./audio_RA2/EvaLee/AlliedWar/RA2_xa3ev04.mp3,,,,"Congratulations Commander, we're bringing in snipers to help you hold the plant. Yuri's certain to try and make a grab for it.",祝贺你，指挥官，我们会带着狙击手来帮助你守住工厂。尤里肯定会试图抢夺它
./audio_RA2/EvaLee/AlliedWar/RA2_xa3ev05.mp3,,,,"Excellent work Commander, our Weather Controller is back online. Be careful, I'm sure Yuri will be trying to knock our power back down.",干得好，指挥官，我们的天气控制器重新上线了。小心点，我敢肯定尤里会试图把我们的电力拉下来
./audio_RA2/EvaLee/AlliedWar/RA2_xa3ev06.mp3,,,,"Yuri is taking the city apart piece by piece, Commander. You've got to take out the nuclear silo.",指挥官，尤里正在一块一块占领这个城市。你得把核弹发射井拔掉
,,./audio_RA2/Yuri/AlliedWar/RA2_xa3yu01.mp3,,Why did you insist on interfering?,你为什么坚持要插手？
,,,./audio_RA2/Others/AlliedWar/RA2_xa4ei01.mp3,Isn't anyone coming to save me?,没有人来救我吗？
,,,./audio_RA2/Others/AlliedWar/RA2_xa4ei02.mp3,Finally. It's about time!,终于来了。是时候了！
./audio_RA2/EvaLee/AlliedWar/RA2_xa4ev01.mp3,,,,"Sir, the oil field is ours. Use engineers to take over the oil derricks.",长官，我们要得到这批油田。用工程师来占领油井
./audio_RA2/EvaLee/AlliedWar/RA2_xa4ev02.mp3,,,,"Commander, apparently the base guarding the Psychic Dominator is only a secondary installation. Yuri has another massive base to the east. You need to level it.",指挥官，显然这座基地所守卫的心灵控制仪只是一个辅助设施。尤里在东边还有一个巨大的基地。你需要铲平它
./audio_RA2/EvaLee/AlliedWar/RA2_xa4ev03.mp3,,,,"Once the Psychic Dominator is activated, you will have control over a target group of Yuri's troops. I've displayed the time remaining before the device self-destructs. It's not much so make your move quickly, Commander.",一旦心灵控制仪被激活，你就可以控制尤里的一个目标部队群。我已经显示了装置自毁前的剩余时间。时间不多，所以赶快行动吧，指挥官
./audio_RA2/EvaLee/AlliedWar/RA2_xa4ev04.mp3,,,,"Well done sir, you've rescued Einstein. Transportation is on route to take him to safety.",干得漂亮，指挥官，你已经救出了爱因斯坦。交通工具（夜鹰直升机）正在运送他到安全的地方
./audio_RA2/EvaLee/AlliedWar/RA2_xa4ev05.mp3,,,,"Sir, we're very low on funds. There are oil fields to the east that will help us increase our cash reserves.",长官，我们的资金非常少。东边有油田，可以帮助我们增加现金储备
./audio_RA2/EvaLee/AlliedWar/RA2_xa4ev06.mp3,,,,"Sir, it's imperative that we rescue Doctor Einstein as soon as possible. He's being held at a secret base near the giant pyramid.",指挥官，我们必须尽快救出爱因斯坦博士。他被关押在巨型金字塔附近的一个秘密基地
,,,./audio_RA2/Others/AlliedWar/RA2_xa4ta01.mp3,"You know, it might be easier to sneak me across the river than to get an entire army over the bridge.",你知道，把我偷偷带过河可能比让整个军队过桥更容易
,,,./audio_RA2/Others/AlliedWar/RA2_xa4ta02.mp3,No problem! I'm trained to resist mind control.,没问题! 我受过训练，可以抵抗精神控制
,,./audio_RA2/Yuri/AlliedWar/RA2_xa4yu01.mp3,,"I see, your little scientist has escaped...",我明白了，你的小科学家已经逃脱了...
./audio_RA2/EvaLee/AlliedWar/RA2_xa5ev01.mp3,,,,"Good news, Commander. Our Korean allies are grateful to us for freeing the Pacific of Yuri's Boomer fleet. They've assigned a squadron of their elite Black Eagles to assist us on this op.",好消息，指挥官。我们的韩国盟友非常感谢我们从尤里的雷鸣舰队中解救了太平洋。他们已经指派了一个中队的精锐黑鹰战机来协助我们的行动
./audio_RA2/EvaLee/AlliedWar/RA2_xa5ev02.mp3,,,,"This horribly disfigured soldier is called a Brute, they're powerful enough to crush a full-size tank. Watch for them, Commander.",这个可怕的丑陋的兵种被称为狂兽人，他们的力量足以粉碎一辆全尺寸的坦克。当心他们，指挥官
./audio_RA2/EvaLee/AlliedWar/RA2_xa5ev03.mp3,,,,"Commander, Yuri has began to garrison his troops in the buildings of Sydney. I suggest you do the same. You must strengthen your position before Yuri’s clone hordes capture them all.",指挥官，尤里已经开始在悉尼的建筑物中驻扎他的部队。我建议你也这样做。你必须在尤里的克隆人大军占领他们之前驻扎建筑
./audio_RA2/EvaLee/AlliedWar/RA2_xa5ev04.mp3,,,,"Commander, Yuri is using the airport south of his base to bring in reinforcements. Capture it sir, so we can turn the tables on him.",指挥官，尤里正在利用他的基地南边的机场引进增援部队。占领它，长官，这样我们就可以对他进行反击
./audio_RA2/EvaLee/AlliedWar/RA2_xa5ev05.mp3,,,,"Sir, I’m getting chaotic readings from locations in Sydney. Yuri must have deployed his Chaos Drones. If our forces get too close to those drones, they’ll go berserk. Be careful, Commander.",长官，我从悉尼的一些地方得到了混乱的读数。尤里肯定已经部署了他的神经突击车。如果我们的部队离那些突击车太近，他们会发狂的。小心点，指挥官
,,,./audio_RA2/Others/AlliedWar/RA2_xa6ca01.mp3,Yuri is attacking the Parliament! Build up the defenses.,尤里正在攻击议会！兴建防卫工事
,,,./audio_RA2/Others/AlliedWar/RA2_xa6ca02.mp3,"Parliament is under attack. Get your tale over there, Commander. The president is in there.",议会受到了攻击。把你的传奇故事带到那里去，指挥官。总统就在里面
,,,./audio_RA2/Others/AlliedWar/RA2_xa6ca03.mp3,"Don’t let Parliament fall, Commander.",不要让议会沦陷，指挥官
,,,./audio_RA2/Others/AlliedWar/RA2_xa6ca04.mp3,"Holy cow! Commander, we got some sort of UFO on the scope! Either it's an alien invasion or Yuri's been watching too much TV! Watch yourself, Commander.",我的天啊！指挥官，我们在瞄准镜上发现了某种UFO！要么是外星人入侵，要么是尤里看了太多的电视！当心你自己，指挥官
,,,./audio_RA2/Others/AlliedWar/RA2_xa6ca05.mp3,"I hope you're ready, Commander. Yuri’s forces were in bound. Some of then might be sneaking up the Thames, so watch out.",我希望你已经准备好了，指挥官。尤里部队的攻势被控制住了。不过有些东西（雷鸣潜艇）可能会潜入泰晤士河来进攻，所以要注意了
./audio_RA2/EvaLee/AlliedWar/RA2_xa7ev01.mp3,,,,"Commander, Yuri’s Boomer subs still pose a threat to us. If you can clear them out, we can concentrate our resources on Yuri’s main base.",指挥官，尤里的雷鸣潜艇仍然对我们构成威胁。如果你能清除他们，我们就能集中资源对付尤里的主基地
./audio_RA2/EvaLee/AlliedWar/RA2_xa7ev02.mp3,,,,"You'll have to repair this abandoned Soviet base. The cliffs surrounding the Antarctic shoreline make a naval assault impossible. Once you get radar up and running, we'll chrono in an MCV. Yuri's transmissions are coming in from the east. We're rooting for you, Commander. The whole world is watching and waiting.",你必须修复这个废弃的苏维埃基地。南极洲海岸线周围的悬崖使海军的攻击不可能进行。一旦你的雷达启动并运行，我们将传送进一辆MCV。尤里的信号是从东面传来的。我们是你的后盾，指挥官。整个世界都留意着你，期盼着你
./audio_RA2/EvaLee/AlliedWar/RA2_xa7ev03.mp3,,,,"We don't have much time, Commander. Build up your base in Antarctica quickly before Yuri can overrun your position.",我们没有多少时间了，指挥官。在尤里占领你的位置之前，迅速建立起你在南极洲的基地
./audio_RA2/EvaLee/AlliedWar/RA2_xa7ev04.mp3,,,,"Good job, Commander. We're search for a suitable landing zone to chrono in your MCV. Just hold off Yuri's forces for a little longer.",做得好，指挥官。我们正在寻找一个合适的着陆区将你的MCV传送过去。只要再拖住尤里的部队就可以了
./audio_RA2/EvaLee/AlliedWar/RA2_xa7ev05.mp3,,,,"Sir, if you can combine Soviet technology with our own, you should be able to come up with some interesting results. It could give the edge you need, Commander.",长官，如果你能把苏联的技术和我们的技术结合起来，你应该能得到一些有趣的结果。它可以给你带来你需要的优势，指挥官
./audio_RA2/EvaLee/AlliedWar/RA2_xa7ev06.mp3,,,,"Sir, our Soviet base on Tierra del Fuego has come under attack. Keep the base intact so that we have continued access to Soviet technologies.",长官，我们在火地岛的苏维埃基地受到了攻击。保持基地完好，这样我们就能继续保留并使用苏联的科技
,,./audio_RA2/Yuri/AlliedWar/RA2_xa7yu01.mp3,,"So, you finally located me. Let us insist!",你终于还是找到了我。我们一直对峙下去吧！
./audio_RA2/EvaLee/General/RA2_ceva001.mp3,./audio_RA2/Zofia/General/RA2_csof001.mp3,./audio_RA2/Yuri/General/RA2_cyur001.mp3,,"Warning, Nuclear Silo detected.",警告，侦测到核弹发射井
./audio_RA2/EvaLee/General/RA2_ceva002.mp3,./audio_RA2/Zofia/General/RA2_csof002.mp3,./audio_RA2/Yuri/General/RA2_cyur002.mp3,,"Warning, Nuclear Missile launched.",警告，核弹已发射
./audio_RA2/EvaLee/General/RA2_ceva003.mp3,./audio_RA2/Zofia/General/RA2_csof003.mp3,./audio_RA2/Yuri/General/RA2_cyur003.mp3,,Nuclear Missile ready.,核弹已准备就绪
./audio_RA2/EvaLee/General/RA2_ceva004.mp3,./audio_RA2/Zofia/General/RA2_csof004.mp3,./audio_RA2/Yuri/General/RA2_cyur004.mp3,,"Warning, Iron Curtain detected.",警告，侦测到铁幕装置
./audio_RA2/EvaLee/General/RA2_ceva005.mp3,./audio_RA2/Zofia/General/RA2_csof005.mp3,./audio_RA2/Yuri/General/RA2_cyur005.mp3,,"Warning, Iron Curtain activated.",警告，铁幕装置已激活
./audio_RA2/EvaLee/General/RA2_ceva006.mp3,./audio_RA2/Zofia/General/RA2_csof006.mp3,./audio_RA2/Yuri/General/RA2_cyur006.mp3,,Iron Curtain ready.,铁幕装置已准备就绪
./audio_RA2/EvaLee/General/RA2_ceva007.mp3,./audio_RA2/Zofia/General/RA2_csof007.mp3,./audio_RA2/Yuri/General/RA2_cyur007.mp3,,"Warning, Chronosphere detected.",警告，侦测到超时空传送仪
./audio_RA2/EvaLee/General/RA2_ceva008.mp3,./audio_RA2/Zofia/General/RA2_csof008.mp3,./audio_RA2/Yuri/General/RA2_cyur008.mp3,,"Warning, Chronosphere activated.",警告，超时空传送仪已激活
./audio_RA2/EvaLee/General/RA2_ceva009.mp3,./audio_RA2/Zofia/General/RA2_csof009.mp3,./audio_RA2/Yuri/General/RA2_cyur009.mp3,,Chronosphere ready.,超时空传送仪已准备就绪
./audio_RA2/EvaLee/General/RA2_ceva010.mp3,./audio_RA2/Zofia/General/RA2_csof010.mp3,./audio_RA2/Yuri/General/RA2_cyur010.mp3,,"Warning, Weather Control Device detected.",警告，侦测到天气控制机
./audio_RA2/EvaLee/General/RA2_ceva011.mp3,./audio_RA2/Zofia/General/RA2_csof011.mp3,./audio_RA2/Yuri/General/RA2_cyur011.mp3,,"Warning, Lightning Storm created.",警告，闪电风暴已生成
./audio_RA2/EvaLee/General/RA2_ceva012.mp3,./audio_RA2/Zofia/General/RA2_csof012.mp3,./audio_RA2/Yuri/General/RA2_cyur012.mp3,,Lightning Storm ready.,闪电风暴已准备就绪
./audio_RA2/EvaLee/General/RA2_ceva013.mp3,./audio_RA2/Zofia/General/RA2_csof013.mp3,./audio_RA2/Yuri/General/RA2_cyur013.mp3,,Mission accomplished.,任务完成
./audio_RA2/EvaLee/General/RA2_ceva014.mp3,./audio_RA2/Zofia/General/RA2_csof014.mp3,./audio_RA2/Yuri/General/RA2_cyur014.mp3,,Mission failed.,任务失败
./audio_RA2/EvaLee/General/RA2_ceva015.mp3,./audio_RA2/Zofia/General/RA2_csof015.mp3,./audio_RA2/Yuri/General/RA2_cyur015.mp3,,Battle control terminated.,终止作战控制
./audio_RA2/EvaLee/General/RA2_ceva016.mp3,./audio_RA2/Zofia/General/RA2_csof016.mp3,./audio_RA2/Yuri/General/RA2_cyur016.mp3,,"Establishing battlefield control, standby.",建立作战控制，请稍后
./audio_RA2/EvaLee/General/RA2_ceva017.mp3,./audio_RA2/Zofia/General/RA2_csof017.mp3,./audio_RA2/Yuri/General/RA2_cyur017.mp3,,Primary objective achieved.,达成主要作战目标
./audio_RA2/EvaLee/General/RA2_ceva018.mp3,./audio_RA2/Zofia/General/RA2_csof018.mp3,./audio_RA2/Yuri/General/RA2_cyur018.mp3,,Secondary objective achieved.,达成次要作战目标
./audio_RA2/EvaLee/General/RA2_ceva019.mp3,./audio_RA2/Zofia/General/RA2_csof019.mp3,./audio_RA2/Yuri/General/RA2_cyur019.mp3,,Tertiary objective achieved,达成第三作战目标
./audio_RA2/EvaLee/General/RA2_ceva020.mp3,./audio_RA2/Zofia/General/RA2_csof020.mp3,./audio_RA2/Yuri/General/RA2_cyur020.mp3,,Critical unit lost.,损失关键部队
./audio_RA2/EvaLee/General/RA2_ceva021.mp3,./audio_RA2/Zofia/General/RA2_csof021.mp3,./audio_RA2/Yuri/General/RA2_cyur021.mp3,,Critical structure lost.,损失关键建筑
./audio_RA2/EvaLee/General/RA2_ceva022.mp3,./audio_RA2/Zofia/General/RA2_csof022.mp3,./audio_RA2/Yuri/General/RA2_cyur022.mp3,,You are victorious.,您胜利了
./audio_RA2/EvaLee/General/RA2_ceva023.mp3,./audio_RA2/Zofia/General/RA2_csof023.mp3,./audio_RA2/Yuri/General/RA2_cyur023.mp3,,You have lost.,您败北了
./audio_RA2/EvaLee/General/RA2_ceva024.mp3,./audio_RA2/Zofia/General/RA2_csof024.mp3,./audio_RA2/Yuri/General/RA2_cyur024.mp3,,You have resigned.,您弃权了
./audio_RA2/EvaLee/General/RA2_ceva025.mp3,./audio_RA2/Zofia/General/RA2_csof025.mp3,./audio_RA2/Yuri/General/RA2_cyur025.mp3,,Player resigned.,玩家弃权了
./audio_RA2/EvaLee/General/RA2_ceva026.mp3,./audio_RA2/Zofia/General/RA2_csof026.mp3,./audio_RA2/Yuri/General/RA2_cyur026.mp3,,Player defeated.,玩家被击败了
./audio_RA2/EvaLee/General/RA2_ceva027.mp3,./audio_RA2/Zofia/General/RA2_csof027.mp3,./audio_RA2/Yuri/General/RA2_cyur027.mp3,,20 minutes remaining.,剩下20分钟
./audio_RA2/EvaLee/General/RA2_ceva028.mp3,./audio_RA2/Zofia/General/RA2_csof028.mp3,./audio_RA2/Yuri/General/RA2_cyur028.mp3,,10 minutes remaining.,剩下10分钟
./audio_RA2/EvaLee/General/RA2_ceva029.mp3,./audio_RA2/Zofia/General/RA2_csof029.mp3,./audio_RA2/Yuri/General/RA2_cyur029.mp3,,5 minutes remaining.,剩下5分钟
./audio_RA2/EvaLee/General/RA2_ceva030.mp3,./audio_RA2/Zofia/General/RA2_csof030.mp3,./audio_RA2/Yuri/General/RA2_cyur030.mp3,,4 minutes remaining.,剩下4分钟
./audio_RA2/EvaLee/General/RA2_ceva031.mp3,./audio_RA2/Zofia/General/RA2_csof031.mp3,./audio_RA2/Yuri/General/RA2_cyur031.mp3,,3 minutes remaining.,剩下3分钟
./audio_RA2/EvaLee/General/RA2_ceva032.mp3,./audio_RA2/Zofia/General/RA2_csof032.mp3,./audio_RA2/Yuri/General/RA2_cyur032.mp3,,2 minutes remaining.,剩下2分钟
./audio_RA2/EvaLee/General/RA2_ceva033.mp3,./audio_RA2/Zofia/General/RA2_csof033.mp3,./audio_RA2/Yuri/General/RA2_cyur033.mp3,,1 minutes remaining.,剩下1分钟
./audio_RA2/EvaLee/General/RA2_ceva035.mp3,./audio_RA2/Zofia/General/RA2_csof035.mp3,./audio_RA2/Yuri/General/RA2_cyur035.mp3,,Timer started.,计时器开始
./audio_RA2/EvaLee/General/RA2_ceva036.mp3,./audio_RA2/Zofia/General/RA2_csof036.mp3,./audio_RA2/Yuri/General/RA2_cyur036.mp3,,Timer stopped.,计时器停止
./audio_RA2/EvaLee/General/RA2_ceva037.mp3,./audio_RA2/Zofia/General/RA2_csof037.mp3,./audio_RA2/Yuri/General/RA2_cyur037.mp3,,Ore miner under attack,采矿车遭到攻击
./audio_RA2/EvaLee/General/RA2_ceva038.mp3,./audio_RA2/Zofia/General/RA2_csof038.mp3,./audio_RA2/Yuri/General/RA2_cyur038.mp3,,Reinforcements have arrived.,援军抵达了
./audio_RA2/EvaLee/General/RA2_ceva039.mp3,./audio_RA2/Zofia/General/RA2_csof039.mp3,./audio_RA2/Yuri/General/RA2_cyur039.mp3,,New terrain discovered.,发现新地形
./audio_RA2/EvaLee/General/RA2_ceva040.mp3,./audio_RA2/Zofia/General/RA2_csof040.mp3,./audio_RA2/Yuri/General/RA2_cyur040.mp3,,Incoming transmission.,新讯息传送中
./audio_RA2/EvaLee/General/RA2_ceva041.mp3,./audio_RA2/Zofia/General/RA2_csof041.mp3,./audio_RA2/Yuri/General/RA2_cyur041.mp3,,Beacon detected.,侦测到信号标志
./audio_RA2/EvaLee/General/RA2_ceva042.mp3,./audio_RA2/Zofia/General/RA2_csof042.mp3,./audio_RA2/Yuri/General/RA2_cyur042.mp3,,Beacon placed.,安置信号标志
./audio_RA2/EvaLee/General/RA2_ceva043.mp3,./audio_RA2/Zofia/General/RA2_csof043.mp3,./audio_RA2/Yuri/General/RA2_cyur043.mp3,,Alliance formed.,缔结盟约
./audio_RA2/EvaLee/General/RA2_ceva044.mp3,./audio_RA2/Zofia/General/RA2_csof044.mp3,./audio_RA2/Yuri/General/RA2_cyur044.mp3,,Alliance broken.,破弃盟约
./audio_RA2/EvaLee/General/RA2_ceva045.mp3,./audio_RA2/Zofia/General/RA2_csof045.mp3,./audio_RA2/Yuri/General/RA2_cyur045.mp3,,Our ally is under attack.,盟军正遭受攻击
./audio_RA2/EvaLee/General/RA2_ceva046.mp3,./audio_RA2/Zofia/General/RA2_csof046.mp3,./audio_RA2/Yuri/General/RA2_cyur046.mp3,,Bridge repaired.,桥梁修护了
./audio_RA2/EvaLee/General/RA2_ceva047.mp3,./audio_RA2/Zofia/General/RA2_csof047.mp3,./audio_RA2/Yuri/General/RA2_cyur047.mp3,,"Unable to comply, building in progress.",无法进行，建筑物兴建中
./audio_RA2/EvaLee/General/RA2_ceva048.mp3,./audio_RA2/Zofia/General/RA2_csof048.mp3,./audio_RA2/Yuri/General/RA2_cyur048.mp3,,Construction complete.,建筑完工
./audio_RA2/EvaLee/General/RA2_ceva049.mp3,./audio_RA2/Zofia/General/RA2_csof049.mp3,./audio_RA2/Yuri/General/RA2_cyur049.mp3,,New construction options.,新建筑选项
./audio_RA2/EvaLee/General/RA2_ceva050.mp3,./audio_RA2/Zofia/General/RA2_csof050.mp3,./audio_RA2/Yuri/General/RA2_cyur050.mp3,,Insufficient funds.,资金不足
./audio_RA2/EvaLee/General/RA2_ceva051.mp3,./audio_RA2/Zofia/General/RA2_csof051.mp3,./audio_RA2/Yuri/General/RA2_cyur051.mp3,,Cancelled.,取消
./audio_RA2/EvaLee/General/RA2_ceva052.mp3,./audio_RA2/Zofia/General/RA2_csof052.mp3,./audio_RA2/Yuri/General/RA2_cyur052.mp3,,Building.,建造中
./audio_RA2/EvaLee/General/RA2_ceva053.mp3,./audio_RA2/Zofia/General/RA2_csof053.mp3,./audio_RA2/Yuri/General/RA2_cyur053.mp3,,Low power.,电力不足
./audio_RA2/EvaLee/General/RA2_ceva054.mp3,./audio_RA2/Zofia/General/RA2_csof054.mp3,./audio_RA2/Yuri/General/RA2_cyur054.mp3,,Our base is under attack.,基地遭受攻击
./audio_RA2/EvaLee/General/RA2_ceva055.mp3,./audio_RA2/Zofia/General/RA2_csof055.mp3,./audio_RA2/Yuri/General/RA2_cyur055.mp3,,Primary buildings selected.,选取主建筑
./audio_RA2/EvaLee/General/RA2_ceva056.mp3,./audio_RA2/Zofia/General/RA2_csof056.mp3,./audio_RA2/Yuri/General/RA2_cyur056.mp3,,On hold.,停止
./audio_RA2/EvaLee/General/RA2_ceva057.mp3,./audio_RA2/Zofia/General/RA2_csof057.mp3,./audio_RA2/Yuri/General/RA2_cyur057.mp3,,Repairing.,修护中
./audio_RA2/EvaLee/General/RA2_ceva058.mp3,./audio_RA2/Zofia/General/RA2_csof058.mp3,./audio_RA2/Yuri/General/RA2_cyur058.mp3,,Structure sold.,变卖建筑
./audio_RA2/EvaLee/General/RA2_ceva059.mp3,./audio_RA2/Zofia/General/RA2_csof059.mp3,./audio_RA2/Yuri/General/RA2_cyur059.mp3,,Base defenses offline.,基地防御故障
./audio_RA2/EvaLee/General/RA2_ceva060.mp3,./audio_RA2/Zofia/General/RA2_csof060.mp3,./audio_RA2/Yuri/General/RA2_cyur060.mp3,,Building offline.,基地作业中止
./audio_RA2/EvaLee/General/RA2_ceva061.mp3,./audio_RA2/Zofia/General/RA2_csof061.mp3,./audio_RA2/Yuri/General/RA2_cyur061.mp3,,Building online.,基地恢复作业
./audio_RA2/EvaLee/General/RA2_ceva062.mp3,./audio_RA2/Zofia/General/RA2_csof062.mp3,./audio_RA2/Yuri/General/RA2_cyur062.mp3,,Unit ready.,部队训练完成
./audio_RA2/EvaLee/General/RA2_ceva063.mp3,./audio_RA2/Zofia/General/RA2_csof063.mp3,./audio_RA2/Yuri/General/RA2_cyur063.mp3,,Cannot deploy here.,无法部署于此
./audio_RA2/EvaLee/General/RA2_ceva064.mp3,./audio_RA2/Zofia/General/RA2_csof064.mp3,./audio_RA2/Yuri/General/RA2_cyur064.mp3,,Unit lost.,部队遭摧毁
./audio_RA2/EvaLee/General/RA2_ceva065.mp3,./audio_RA2/Zofia/General/RA2_csof065.mp3,./audio_RA2/Yuri/General/RA2_cyur065.mp3,,Select target.,选择目标
./audio_RA2/EvaLee/General/RA2_ceva066.mp3,./audio_RA2/Zofia/General/RA2_csof066.mp3,./audio_RA2/Yuri/General/RA2_cyur066.mp3,,Training.,训练
./audio_RA2/EvaLee/General/RA2_ceva067.mp3,./audio_RA2/Zofia/General/RA2_csof067.mp3,./audio_RA2/Yuri/General/RA2_cyur067.mp3,,Armor upgraded.,装甲升级了
./audio_RA2/EvaLee/General/RA2_ceva068.mp3,./audio_RA2/Zofia/General/RA2_csof068.mp3,./audio_RA2/Yuri/General/RA2_cyur068.mp3,,Firepower upgraded.,火力升级了
./audio_RA2/EvaLee/General/RA2_ceva069.mp3,./audio_RA2/Zofia/General/RA2_csof069.mp3,./audio_RA2/Yuri/General/RA2_cyur069.mp3,,Speed upgraded.,速度升级了
./audio_RA2/EvaLee/General/RA2_ceva070.mp3,./audio_RA2/Zofia/General/RA2_csof070.mp3,./audio_RA2/Yuri/General/RA2_cyur070.mp3,,Unit repaired.,部队修护完成
./audio_RA2/EvaLee/General/RA2_ceva071.mp3,./audio_RA2/Zofia/General/RA2_csof071.mp3,./audio_RA2/Yuri/General/RA2_cyur071.mp3,,Unit sold.,变卖部队
./audio_RA2/EvaLee/General/RA2_ceva072.mp3,./audio_RA2/Zofia/General/RA2_csof072.mp3,./audio_RA2/Yuri/General/RA2_cyur072.mp3,,Building captured.,掳获建筑
./audio_RA2/EvaLee/General/RA2_ceva073.mp3,./audio_RA2/Zofia/General/RA2_csof073.mp3,./audio_RA2/Yuri/General/RA2_cyur073.mp3,,Building infiltrated.,渗透建筑成功
./audio_RA2/EvaLee/General/RA2_ceva074.mp3,./audio_RA2/Zofia/General/RA2_csof074.mp3,./audio_RA2/Yuri/General/RA2_cyur074.mp3,,New technology acquired.,取得新科技
./audio_RA2/EvaLee/General/RA2_ceva075.mp3,./audio_RA2/Zofia/General/RA2_csof075.mp3,./audio_RA2/Yuri/General/RA2_cyur075.mp3,,Enemy base powered down.,敌军基地电力不足
./audio_RA2/EvaLee/General/RA2_ceva076.mp3,./audio_RA2/Zofia/General/RA2_csof076.mp3,./audio_RA2/Yuri/General/RA2_cyur076.mp3,,Unit firepower upgraded,部队火力升级了
./audio_RA2/EvaLee/General/RA2_ceva077.mp3,./audio_RA2/Zofia/General/RA2_csof077.mp3,./audio_RA2/Yuri/General/RA2_cyur077.mp3,,Unit armor upgraded.,部队装甲升级了
./audio_RA2/EvaLee/General/RA2_ceva078.mp3,./audio_RA2/Zofia/General/RA2_csof078.mp3,./audio_RA2/Yuri/General/RA2_cyur078.mp3,,Unit speed upgraded.,部队速度升级了
./audio_RA2/EvaLee/General/RA2_ceva079.mp3,./audio_RA2/Zofia/General/RA2_csof079.mp3,./audio_RA2/Yuri/General/RA2_cyur079.mp3,,Unit promoted.,部队晋升了
./audio_RA2/EvaLee/General/RA2_ceva080.mp3,./audio_RA2/Zofia/General/RA2_csof080.mp3,./audio_RA2/Yuri/General/RA2_cyur080.mp3,,Unit upgraded.,部队升级了
./audio_RA2/EvaLee/General/RA2_ceva081.mp3,./audio_RA2/Zofia/General/RA2_csof081.mp3,./audio_RA2/Yuri/General/RA2_cyur081.mp3,,"Firepower technology stolen, all units gain firepower upgrade.",窃取攻击火力科技，所有部队火力升级
./audio_RA2/EvaLee/General/RA2_ceva082.mp3,./audio_RA2/Zofia/General/RA2_csof082.mp3,./audio_RA2/Yuri/General/RA2_cyur082.mp3,,Armor technology stolen. All units gain armor upgrade.,窃取装甲科技，所有部队装甲升级
./audio_RA2/EvaLee/General/RA2_ceva083.mp3,./audio_RA2/Zofia/General/RA2_csof083.mp3,./audio_RA2/Yuri/General/RA2_cyur083.mp3,,New mission objective received.,下达新任务目标
./audio_RA2/EvaLee/General/RA2_ceva084.mp3,./audio_RA2/Zofia/General/RA2_csof084.mp3,./audio_RA2/Yuri/General/RA2_cyur084.mp3,,Upgrade in progress.,升级中
./audio_RA2/EvaLee/General/RA2_ceva085.mp3,./audio_RA2/Zofia/General/RA2_csof085.mp3,./audio_RA2/Yuri/General/RA2_cyur085.mp3,,Upgrade complete.,升级完成
./audio_RA2/EvaLee/General/RA2_ceva086.mp3,./audio_RA2/Zofia/General/RA2_csof086.mp3,./audio_RA2/Yuri/General/RA2_cyur086.mp3,,Ore miner offline.,采矿车停止作业
./audio_RA2/EvaLee/General/RA2_ceva087.mp3,./audio_RA2/Zofia/General/RA2_csof087.mp3,./audio_RA2/Yuri/General/RA2_cyur087.mp3,,Enemy power restored.,敌军电力恢复
./audio_RA2/EvaLee/General/RA2_ceva088.mp3,./audio_RA2/Zofia/General/RA2_csof088.mp3,./audio_RA2/Yuri/General/RA2_cyur088.mp3,,"Building infiltrated, technology stolen.",建筑遭渗透，科技遭窃
./audio_RA2/EvaLee/General/RA2_ceva089.mp3,./audio_RA2/Zofia/General/RA2_csof089.mp3,./audio_RA2/Yuri/General/RA2_cyur089.mp3,,"Building infiltrated, radar sabotaged.",建筑遭渗透，雷达遭破坏
./audio_RA2/EvaLee/General/RA2_ceva090.mp3,./audio_RA2/Zofia/General/RA2_csof090.mp3,./audio_RA2/Yuri/General/RA2_cyur090.mp3,,"Building infiltrated, cash stolen.",建筑遭渗透，资金遭窃
./audio_RA2/EvaLee/General/RA2_ceva091.mp3,./audio_RA2/Zofia/General/RA2_csof091.mp3,./audio_RA2/Yuri/General/RA2_cyur091.mp3,,"Building infiltrated, power sabotaged.",建筑遭渗透：发电厂遭破坏
./audio_RA2/EvaLee/General/RA2_ceva092.mp3,./audio_RA2/Zofia/General/RA2_csof092.mp3,./audio_RA2/Yuri/General/RA2_cyur092.mp3,,Technology stolen.,科技遭窃
./audio_RA2/EvaLee/General/RA2_ceva093.mp3,./audio_RA2/Zofia/General/RA2_csof093.mp3,./audio_RA2/Yuri/General/RA2_cyur093.mp3,,Radar sabotaged.,雷达遭破坏
./audio_RA2/EvaLee/General/RA2_ceva094.mp3,./audio_RA2/Zofia/General/RA2_csof094.mp3,./audio_RA2/Yuri/General/RA2_cyur094.mp3,,Cash stolen.,资金遭窃
./audio_RA2/EvaLee/General/RA2_ceva095.mp3,./audio_RA2/Zofia/General/RA2_csof095.mp3,./audio_RA2/Yuri/General/RA2_cyur095.mp3,,Power sabotaged.,发电厂遭破坏
./audio_RA2/EvaLee/General/RA2_ceva096.mp3,./audio_RA2/Zofia/General/RA2_csof096.mp3,./audio_RA2/Yuri/General/RA2_cyur096.mp3,,"Warning, enemy air armada detected.",警告：侦测到敌军航空机群
./audio_RA2/EvaLee/General/RA2_ceva097.mp3,./audio_RA2/Zofia/General/RA2_csof097.mp3,./audio_RA2/Yuri/General/RA2_cyur097.mp3,,"Warning, enemy fleet detected.",警告：侦测到敌军舰队
./audio_RA2/EvaLee/General/RA2_ceva098.mp3,./audio_RA2/Zofia/General/RA2_csof098.mp3,./audio_RA2/Yuri/General/RA2_cyur098.mp3,,"Warning, enemy armor battalion detected.",警告：侦测到敌军装甲军团
./audio_RA2/EvaLee/General/RA2_ceva099.mp3,./audio_RA2/Zofia/General/RA2_csof099.mp3,./audio_RA2/Yuri/General/RA2_cyur099.mp3,,"Warning, enemy infantry battalion detected.",警告：侦测到敌军步兵军团
./audio_RA2/EvaLee/General/RA2_ceva100.mp3,./audio_RA2/Zofia/General/RA2_csof100.mp3,./audio_RA2/Yuri/General/RA2_cyur100.mp3,,New rally point established.,建立新集合点
./audio_RA2/EvaLee/General/RA2_ceva101.mp3,./audio_RA2/Zofia/General/RA2_csof101.mp3,./audio_RA2/Yuri/General/RA2_cyur101.mp3,,Alliance requested.,对方要求结盟
./audio_RA2/EvaLee/General/RA2_ceva102.mp3,./audio_RA2/Zofia/General/RA2_csof102.mp3,./audio_RA2/Yuri/General/RA2_cyur102.mp3,,Requesting alliance.,提出结盟要求
./audio_RA2/EvaLee/General/RA2_ceva103.mp3,./audio_RA2/Zofia/General/RA2_csof103.mp3,./audio_RA2/Yuri/General/RA2_cyur103.mp3,,Enemy alliance formed.,敌军结交新盟友
./audio_RA2/EvaLee/General/RA2_ceva104.mp3,./audio_RA2/Zofia/General/RA2_csof104.mp3,./audio_RA2/Yuri/General/RA2_cyur104.mp3,,New objective received.,接获新的任务目标
./audio_RA2/EvaLee/General/RA2_ceva105.mp3,./audio_RA2/Zofia/General/RA2_csof105.mp3,./audio_RA2/Yuri/General/RA2_cyur105.mp3,,Tech building captured.,掳获科技建筑
./audio_RA2/EvaLee/General/RA2_ceva106.mp3,./audio_RA2/Zofia/General/RA2_csof106.mp3,./audio_RA2/Yuri/General/RA2_cyur106.mp3,,Tech building lost.,丧失科技建筑
./audio_RA2/EvaLee/General/RA2_ceva107.mp3,./audio_RA2/Zofia/General/RA2_csof107.mp3,./audio_RA2/Yuri/General/RA2_cyur107.mp3,,Structure garrisoned.,建筑已驻防
./audio_RA2/EvaLee/General/RA2_ceva108.mp3,./audio_RA2/Zofia/General/RA2_csof108.mp3,./audio_RA2/Yuri/General/RA2_cyur108.mp3,,Structure abandoned.,放弃建筑
./audio_RA2/EvaLee/General/RA2_ceva109.mp3,./audio_RA2/Zofia/General/RA2_csof109.mp3,./audio_RA2/Yuri/General/RA2_cyur109.mp3,,Chrono/War/Slave miner offline.,采矿车停止作业
./audio_RA2/EvaLee/General/RA2_ceva120.mp3,./audio_RA2/Zofia/General/RA2_csof120.mp3,./audio_RA2/Yuri/General/RA2_cyur120.mp3,,Battle control online.,作战控制作业中
./audio_RA2/EvaLee/General/RA2_ceva121.mp3,./audio_RA2/Zofia/General/RA2_csof121.mp3,./audio_RA2/Yuri/General/RA2_cyur121.mp3,,Reinforcements ready.,援军就绪
./audio_RA2/EvaLee/General/RA2_ceva122.mp3,./audio_RA2/Zofia/General/RA2_csof122.mp3,./audio_RA2/Yuri/General/RA2_cyur122.mp3,,Weather control device offline.,天气控制机停止作业
./audio_RA2/EvaLee/General/RA2_ceva123.mp3,./audio_RA2/Zofia/General/RA2_csof123.mp3,./audio_RA2/Yuri/General/RA2_cyur123.mp3,,Structure repaired.,建筑已维修
./audio_RA2/EvaLee/General/RA2_ceva124.mp3,./audio_RA2/Zofia/General/RA2_csof124.mp3,./audio_RA2/Yuri/General/RA2_cyur124.mp3,,Object complete.,目标完成
./audio_RA2/EvaLee/General/RA2_ceva125.mp3,./audio_RA2/Zofia/General/RA2_csof125.mp3,./audio_RA2/Yuri/General/RA2_cyur125.mp3,,"Warning, Psychic Dominator detected.",警告，侦测到心灵控制器
./audio_RA2/EvaLee/General/RA2_ceva127.mp3,./audio_RA2/Zofia/General/RA2_csof127.mp3,./audio_RA2/Yuri/General/RA2_cyur127.mp3,,Psychic Dominator ready.,心灵控制器已准备就绪
./audio_RA2/EvaLee/General/RA2_ceva128.mp3,./audio_RA2/Zofia/General/RA2_csof128.mp3,./audio_RA2/Yuri/General/RA2_cyur128.mp3,,"Warning, Genetic Mutator detected.",警告，侦测到基因突变器
./audio_RA2/EvaLee/General/RA2_ceva129.mp3,./audio_RA2/Zofia/General/RA2_csof129.mp3,./audio_RA2/Yuri/General/RA2_cyur129.mp3,,"Warning, Genetic Mutator activated.",警告，基因突变器已激活
./audio_RA2/EvaLee/General/RA2_ceva130.mp3,./audio_RA2/Zofia/General/RA2_csof130.mp3,./audio_RA2/Yuri/General/RA2_cyur130.mp3,,Genetic Mutator ready.,基因突变器已准备就绪
./audio_RA2/EvaLee/General/RA2_ceva131.mp3,./audio_RA2/Zofia/General/RA2_csof131.mp3,./audio_RA2/Yuri/General/RA2_cyur131.mp3,,Airstrike initiated.,空袭已开始
./audio_RA2/EvaLee/General/RA2_ceva132.mp3,./audio_RA2/Zofia/General/RA2_csof132.mp3,./audio_RA2/Yuri/General/RA2_cyur132.mp3,,Force Shield ready.,力场护盾已就绪
./audio_RA2/EvaLee/General/RA2_ceva133.mp3,./audio_RA2/Zofia/General/RA2_csof133.mp3,./audio_RA2/Yuri/General/RA2_cyur133.mp3,,Force Shield activated.,力场护盾已激活
./audio_RA2/EvaLee/General/RA2_ceva134.mp3,./audio_RA2/Zofia/General/RA2_csof134.mp3,./audio_RA2/Yuri/General/RA2_cyur134.mp3,,"Hospital captured, all infantry units will now auto-heal.",医院已占据，所有步兵单位现在将会自动恢复生命值
./audio_RA2/EvaLee/General/RA2_ceva135.mp3,./audio_RA2/Zofia/General/RA2_csof135.mp3,./audio_RA2/Yuri/General/RA2_cyur135.mp3,,"Machine shop captured, all vehicles will now auto-repair.",机修车间已占据，所有载具单位现在将会自动恢复生命值
./audio_RA2/EvaLee/General/RA2_ceva136.mp3,./audio_RA2/Zofia/General/RA2_csof136.mp3,./audio_RA2/Yuri/General/RA2_cyur136.mp3,,"Airfield captured, we can recruit paratroopers.",科技机场已占据，我们可以招募伞兵了
./audio_RA2/EvaLee/General/RA2_ceva137.mp3,./audio_RA2/Zofia/General/RA2_csof137.mp3,./audio_RA2/Yuri/General/RA2_cyur137.mp3,,"Secret lab captured, new technology available.",秘密实验室已占据，获得新科技
./audio_RA2/EvaLee/General/RA2_ceva138.mp3,./audio_RA2/Zofia/General/RA2_csof138.mp3,./audio_RA2/Yuri/General/RA2_cyur138.mp3,,"Oil refinery captured, acquiring additional resources.",科技油厂已占据，获得额外资金来源
./audio_RA2/EvaLee/General/RA2_ceva139.mp3,./audio_RA2/Zofia/General/RA2_csof139.mp3,./audio_RA2/Yuri/General/RA2_cyur139.mp3,,Repair facility captured.,维修设施已占据
./audio_RA2/EvaLee/General/RA2_ceva140.mp3,./audio_RA2/Zofia/General/RA2_csof140.mp3,./audio_RA2/Yuri/General/RA2_cyur140.mp3,,Robot Tanks offline.,遥控坦克停止作业
./audio_RA2/EvaLee/General/RA2_ceva141.mp3,./audio_RA2/Zofia/General/RA2_csof141.mp3,./audio_RA2/Yuri/General/RA2_cyur141.mp3,,Robot Tanks back online.,遥控坦克恢复作业
./audio_RA2/EvaLee/General/RA2_ceva142.mp3,./audio_RA2/Zofia/General/RA2_csof142.mp3,./audio_RA2/Yuri/General/RA2_cyur142.mp3,,Spy Plane on route.,侦察机在路上
./audio_RA2/EvaLee/General/RA2_ceva143.mp3,./audio_RA2/Zofia/General/RA2_csof143.mp3,./audio_RA2/Yuri/General/RA2_cyur143.mp3,,Battle control offline.,作战控制离线
./audio_RA2/EvaLee/General/RA2_ceva150.mp3,./audio_RA2/Zofia/General/RA2_csof150.mp3,./audio_RA2/Yuri/General/RA2_cyur150.mp3,,Paratroopers ready.,伞兵就绪
./audio_RA2/EvaLee/General/RA2_ceva151.mp3,./audio_RA2/Zofia/General/RA2_csof151.mp3,./audio_RA2/Yuri/General/RA2_cyur151.mp3,,Weather control device temporarily unavailable.,天气控制机暂时失效
./audio_RA2/EvaLee/General/RA2_ceva153.mp3,./audio_RA2/Zofia/General/RA2_csof153.mp3,./audio_RA2/Yuri/General/RA2_cyur153.mp3,,Spy Plane ready.,侦察机已就绪
./audio_RA2/EvaLee/OtherVoices/RA2_macev02.mp3,,,,"Teleporting troops arriving in 5, 4, 3, 2, 1.",传送部队将在5，4，3，2，1秒后到达
,,,./audio_RA2/Others/OtherVoices/RA2_ms9pr03.mp3,They're breaking in! Do something!,他们闯进来了！快做点什么！
,,,./audio_RA2/Others/OtherVoices/RA2_ms9pr04.mp3,"You don't want the Vice President running the country, do you?",你并不希望副总统管理国家，不是吗？
,,,./audio_RA2/Others/OtherVoices/RA2_ms9pr05.mp3,Er...,嗷...
./audio_RA2/EvaLee/OtherVoices/RA2_xc0ev01.mp3,,,,Defend America against the Soviet threat by destroying their bases in Cuba. Save the city of Los Angeles from Yuri's forces and drive him back to Russia. In the Russian motherland neutralize any remaining threat posed by Yuri and the Soviets.,通过摧毁他们在古巴的基地来保护美国免受苏联的威胁，从尤里的军队中拯救洛杉矶并将他赶回俄罗斯，然后在俄罗斯消除尤里和苏联构成的任何剩余威胁
,,./audio_RA2/Yuri/OtherVoices/RA2_xc0in01.mp3,,"Support Yuri's request for world domination by capturing the American capital, then take command of the Yuri forces in South America to destroy the Soviet secret base into Yucatan. Annihilate the last of the Allied and Soviet forces fleeing to London then Yuri can assume his rightful role as ruler of all mankind.",通过占领美国首都来完成尤里的世界统治要求，然后指挥尤里在南美洲的军队摧毁苏联在尤卡坦半岛的秘密基地，歼灭逃往伦敦的最后一支盟军和苏联军队，然后尤里就可以担任全人类统治者的应有角色
,./audio_RA2/Zofia/OtherVoices/RA2_xc0so01.mp3,,,"Ensure the success of the Soviet invasion by crushing the Allied Forces in Seattle. Punish the traitor Yuri by taking away his oil reserves and destroying his secret base in Egypt, then travel to the Black Forest in Germany and wipe out our enemies as they gather for a last stand against the mighty Soviet Union.",通过粉碎西雅图的盟军力量确保苏联入侵的成功，夺走他的石油储备并摧毁他在埃及的秘密基地来惩罚叛徒尤里，然后前往德国的黑森林并消灭最后一批对抗苏联的敌人
./audio_RA2/EvaLee/OtherVoices/RA2_xc1ev01.mp3,,,,"The Soviet bases in Cuba must be eliminated. One commander will be positioned near Havana. The second commander will be positioned on the northern shore near a secret Allied airbase, the Soviets have two bases to the east.",必须消灭苏联在古巴的基地，一名指挥官将驻扎在哈瓦那附近，第二名指挥官将被安置在靠近盟军秘密空军基地的北岸，苏军在东边有两个基地
,,./audio_RA2/Yuri/OtherVoices/RA2_xc1in01.mp3,,The Allies have constructed defenses around their precious White House. They hide behind their technology like scared children. They stand no chance against our psychic powers. Crush the American capital and the spirit of its peoples.,盟军在他们宝贵的白宫周围造满了防御工事，他们像受惊的孩子一样躲在科技背后，没有任何办法对抗我们的精神力量。粉碎美国首都及其人民精神
,./audio_RA2/Zofia/OtherVoices/RA2_xc1so01.mp3,,,The Allied have a stronghold in the city of Seattle. They have established a base with heavy artillery near the Space Needle. A second base resides in the heart of the city. Defensive positions have been constructed around the city perimeter.,盟军在西雅图拥有据点，他们在太空针塔附近建立了一个拥有重炮的基地，第二个基地位于市中心，防御阵地已在城市周边建立
./audio_RA2/EvaLee/OtherVoices/RA2_xc2ev01.mp3,,,,"Yuri has two bases in Los Angeles. One commander will begin near LAX, the other commander will be positioned to the east near several oil derricks and power plants.",尤里在洛杉矶有两个基地。一名指挥官将在洛杉矶国际机场附近开始攻打，另一位指挥官将位于东边几个石油井和发电厂附近
,,./audio_RA2/Yuri/OtherVoices/RA2_xc2in02.mp3,,The red army has managed to steal the Allies prism technology. They are trying to develop their own version of the Prism Tower and a secret research facility deep in Yucatan jungle. Launch a surprise attack on their base and squash the Soviet's last hope for victory.,苏联红军成功窃取了盟军棱镜技术，他们正在尝试开发自己版本的光棱塔和位于尤卡坦丛林深处的秘密研究设施，对他们的基地发动突袭，粉碎苏军最后的胜利希望
,./audio_RA2/Zofia/OtherVoices/RA2_xc2so01.mp3,,,The traitor Yuri is rebuilding his forces in the Egyptian desert. He has established two bases in the area and placed Gattling canons around the pyramids to protect his position.,叛徒尤里正在埃及沙漠重建他的军队，他在该地区建立了两个基地，并在金字塔周围放置了加特林炮来保护他的位置
./audio_RA2/EvaLee/OtherVoices/RA2_xc3ev01.mp3,,,,"Yuri and Soviet have been pushed back into Russian, but they still have enough combined forces to pos a serious threat to Allied Nations.",尤里和苏联虽然已经被打回俄国，但他们仍然有足够的联合力量对盟军各国造成严重威胁
,,./audio_RA2/Yuri/OtherVoices/RA2_xc3in01.mp3,,The Allies and Soviets have joined forces against us. They have recruited and gathered the last of their forces in the city of London. You will be position to the assault of the enemy across the Thames River. Victory will be ours once the last of enemy forces have been annihilated.,盟军和苏联已经开始联手对付我们了， 他们在伦敦市招募并集结了最后一支部队。这次将由您来歼灭位于泰晤士河对面的敌军。 一旦最后的敌军被歼灭，胜利将属于我们
,./audio_RA2/Zofia/OtherVoices/RA2_xc3so01.mp3,,,"It appears the Black Forest of Germany will be the final resting place for both of our enemies. The Allies lost production facility is located there. Yuri's remaining forces have also retreated into the same forest. We believe that Yuri is looking for Einstein's secret laboratory to steal technology that will help him rebuild his army. If either commander can locate Einstein laboratory before Yuri finds it, he may be able to steal useful Allied technology.",看来德国的黑森林将是我们两个敌人的最后安息之地，盟军失去的生产设施就在那里，尤里的剩余部队也撤退到了同一片森林中。我们认为尤里正在寻找爱因斯坦的秘密实验室来窃取有助于他重建军队的技术，如果任一指挥官能先于尤里一步找到爱因斯坦实验室，我们就能窃取到有用的盟军技术
,,,./audio_RA2/Others/OtherVoices/RA2_dummy.mp3,Dummy,无声
,,,./audio_RA2/Others/OtherVoices/RA2_spsyread.mp3,Spsy Read,尤里侦测技能
,./audio_RA2/Zofia/SovietWar/RA2_csofu04.mp3,,,Soviet technology at its finest. Terror Drones can enter and destroy enemy vehicles from the inside.,苏联科技的结晶。恐怖机器人能潜入敌人车辆内部，并由内部将之摧毁
,./audio_RA2/Zofia/SovietWar/RA2_csofu06.mp3,,,The V3 Launcher has extreme range capabilities coupled with devastating damage potential. Destruction guaranteed. Just don't leave it undefended.,V3火箭发射车是十分长程的武器，具有无比伦比的潜在破坏力。肯定能造成浩劫般的伤害，但不要让其没有防备
,./audio_RA2/Zofia/SovietWar/RA2_csofu07.mp3,,,The appropriately named Apocalypse Tank is war in a can. It can attack any ground or air targets and be expected to be the last unit standing.,车如其名的天启坦克，是完美结合的战争武器。天启坦克能攻击任何地面或空中目标，也是能在战场上存活最久的部队
,./audio_RA2/Zofia/SovietWar/RA2_csofu08.mp3,,,"They may be slow, but the Kirov Airships can take great punishment and deliver even more.",虽然基洛夫空艇的速度不快，但能造成大量的破坏，并且不停的攻击
,./audio_RA2/Zofia/SovietWar/RA2_csofu09.mp3,,,The Sea Scorpion is a fast-attack sea raider. It can't win the war for you but you can't win the war without it. It is your only anti-air defense on the water.,海蠍是快速攻击海上突袭舰。虽然不能为您赢得战争，但没有它您也肯定赢不了。这是您在水面上的唯一防空武器
,./audio_RA2/Zofia/SovietWar/RA2_csofu10.mp3,,,"I don't agree with this kind of experimentation, but you cannot deny the results. A Giant Squid can immobilize and eventually destroy any sea vessel.",我不同意这类实验，但您无法否认实验的成果。巨型乌贼能让任何海上舰艇动弹不得，最后还能将之摧毁
,./audio_RA2/Zofia/SovietWar/RA2_csofu11.mp3,,,"The Typhoon Attack Sub is undetectable by normal Allied units, but look out for Allied Dolphins and Destroyers.",台风级攻击潜艇对一般盟军部队来说神出鬼没，但请提防盟军海豚及驱逐舰
,./audio_RA2/Zofia/SovietWar/RA2_csofu15.mp3,,,"The Tesla Troopers have powerful weapons, but they are useless against buildings. They also make excellent base defense as they can over-power Tesla Coils with their weapons.",磁爆步兵有威力强大的武器，但他们对建筑物无法造成客观的伤害。磁爆步兵也是优秀的基地防御力量，因为他们能用自己的武器加强磁爆线圈的威力
,./audio_RA2/Zofia/SovietWar/RA2_csofu16.mp3,,,"The Soviet Engineer can repair buildings or capture enemy buildings, if you can get them past defenses.",苏联工程师能修复建筑物，倘若您能让他们穿越敌方防线，还能占领敌方建筑
,./audio_RA2/Zofia/SovietWar/RA2_csofu18.mp3,,,Crazy Ivan can plant bombs on enemy buildings or perhaps a Conscript would agree to carry them for you.,疯狂伊文能在敌人建筑上装置炸弹，又或者说不定哪个动员兵肯替您背上几个
,./audio_RA2/Zofia/SovietWar/RA2_csofu19.mp3,,,The Allies cannot match our nuclear power. Deploy the Desolator to sterilize an area.,盟军无法与我们的核力量匹敌。部署辐射工兵，让任何区域变得寸草不生
,./audio_RA2/Zofia/SovietWar/RA2_csofu20.mp3,,,"Our most top-secret weapon, the PsiCorps is useful for quickly turning Allied units to our side.",超能力部队是我们最高机密的武器，可以迅速将盟军部队转化为我方所用
,./audio_RA2/Zofia/SovietWar/RA2_csofu21.mp3,,,"Commander, this Allied GI is a well trained soldier capable of quickly deploying a heavy machine gun when stationed within buildings or deployed with his sandbag nest.",指挥官，这名盟军大兵训练精良，在建筑物内驻守或垒起沙袋时，能迅速架起重机枪
,./audio_RA2/Zofia/SovietWar/RA2_csofu25.mp3,,,These arrogant Allied Spies believe their disguises will allow them to infiltrate our buildings. They will soon find that the only thing they can infiltrate is our faithful dogs' stomachs.,这些傲慢的盟军间谍以为他们的伪装能成功的渗透我方建筑。他们很快就会发现自己唯一能渗透的就是我们忠心警犬的胃里
,./audio_RA2/Zofia/SovietWar/RA2_csofu26.mp3,,,The Allied Rocketeers are men who hurl themselves through the air thanks to some jet-pack strapped to them in the hopes of wounding one of our tanks or buildings. Fools.,盟军火箭飞行兵是利用火箭喷射背包让自己飞到天空中，看看能不能攻击我方坦克或建筑的兵种。真是痴人说梦
,./audio_RA2/Zofia/SovietWar/RA2_csofu27.mp3,,,"Commander, beware these Chrono Legionnaires. They use some unknown technology to teleport themselves anywhere and then simply erase our forces.",指挥官，当心这些时空军团兵。他们利用一些未探明的科技，将自己四处传送，然后轻轻松松将我方部队给抹除掉
,./audio_RA2/Zofia/SovietWar/RA2_csofu30.mp3,,,"Comrade, this Prism Tank of the Allies is a dangerous threat to our massed forces. Its directed energy weapon has no trouble harming many of our forces in a single shot.",指挥官，这辆盟军的光稜坦克对我们大军来说是很大的威胁。光稜坦克能直接射出能量武器，一击就能伤害我方许多部队
,./audio_RA2/Zofia/SovietWar/RA2_csofu31.mp3,,,"Another annoying trick of the Allies, their Mirage Tank can mask itself as almost any object nearby it and then remain concealed and fire upon us.",盟军另一项讨人厌的把戏，他们的幻影坦克能伪装成附近任何物体，然后隐藏不动，再开火攻击我们
,./audio_RA2/Zofia/SovietWar/RA2_csofu33.mp3,,,"The Allied Intruder is an airborne threat to any of our forces who do not have adequate anti-air support. It does not stand up well to flak, Commander.",盟军的入侵者战机是对我方任何没有适当防空支持的部队的空中威胁。但对防空炮很弱，指挥官
,./audio_RA2/Zofia/SovietWar/RA2_ms1so01.mp3,,,"Commander, this is the first step in our glorious conquest. Victory here is crucial! Remember, we must crush the Pentagon - above all else, the Pentagon must be destroyed!",指挥官，这是我们光荣胜利的第一步。在此地的胜利具有决定性的意义！记住，我们必须粉碎五角大厦————这比一切都重要，五角大厦一定要被摧毁！
,./audio_RA2/Zofia/SovietWar/RA2_ms1so02.mp3,,,"We can't let a mere bridge delay our conquest, commander! Order your Engineers to enter the bridge's control station!",我们不能让一座小小的桥延误了我们的进军，指挥官！命令你的工程师进入桥梁的控制站
,./audio_RA2/Zofia/SovietWar/RA2_ms1so03.mp3,,,"Commander, pay no heed to casualties. For every Conscript who dies in the crusade, there are a thousand more who stand eager to replace him!",指挥官，不需要花任何心思在那些伤亡的人身上。还有上千个人希望自己能接替这些在圣战中殉职的士兵
,./audio_RA2/Zofia/SovietWar/RA2_ms1so04.mp3,,,"Commander, you can order your Conscripts into nearby buildings to fortify them against the enemy.",指挥官，你可以命令你的动员兵军队进驻附近的建筑物当中，在那里建筑防御工事来抵抗敌人
,./audio_RA2/Zofia/SovietWar/RA2_ms1so05.mp3,,,"At last, the Pentagon is within our grasp! Destroy it, immediately.",五角大厦终于落入我们的手中了！立刻摧毁它！
,./audio_RA2/Zofia/SovietWar/RA2_ms1so06.mp3,,,"Ah... Our Comrades have decided to lend us support. These reinforcement Commander, are some of our most useful vehicles - Flak Tracks! Their speed, armor, and ability to carry infantry are the perfect support for our legion of Conscripts.",嗯...我们的同志已经决定为我们提供支持。他们提供的增援中包括一些最有用的车辆——防空履带车！他们所具有的速度、装甲以及运输部队的能力，对于我们的动员兵部队来说，是相当理想的支持
,./audio_RA2/Zofia/SovietWar/RA2_ms1so07.mp3,,,"Superb, Commander! The Pentagon has been destroyed!",太棒了，指挥官！五角大厦已经被摧毁了！
,./audio_RA2/Zofia/SovietWar/RA2_ms1so09.mp3,,,Our base is out of power! We must build more generators to bring our radar and defenses back online!,我们的基地断电了！我们必须建造更多的发电机，来让我们的雷达和防御工事恢复运作！
,./audio_RA2/Zofia/SovietWar/RA2_ms1so10.mp3,,,"Be wary of those barrels of petrol! If damaged, they will surely explode violently. Perhaps we can use them to our advantage...",小心这些汽油桶！要是出了任何差错，它们一定会造成大爆炸。不过说不定我们可以利用它们来制造我们的优势…
,./audio_RA2/Zofia/SovietWar/RA2_ms1so11.mp3,,,Capture the airport commander in order to allow paratroopers to land in the area.,为了让伞兵能够在这个区域降落，不过我们需要占领机场，将军同志！
,./audio_RA2/Zofia/SovietWar/RA2_ms1so12.mp3,,,"Excellent, Comrade Commander! As soon as the Paratroopers are completely prepared, we will be able to strike anywhere you desire!",相当好，指挥官同志！只要伞兵一准备好，我们就能攻击任何一个你想要的地方！
,./audio_RA2/Zofia/SovietWar/RA2_ms1so13.mp3,,,The building that you've just discovered is one of America's special civilian buildings. Use an Engineer to convert the building and gain its powers.,你刚刚发现的那栋建筑物是美国的特殊市民建筑。派一名工程师去转变建筑物，并且获得能源
,,,./audio_RA2/Others/SovietWar/RA2_ms3ca04.mp3,"By your command, Comrade.",遵命，同志。
,,,./audio_RA2/Others/SovietWar/RA2_ms3ca05.mp3,Death to the capitalists!,资本主义者去死！
,,,./audio_RA2/Others/SovietWar/RA2_ms3ca06.mp3,Glory to Mother Russia!,荣耀属于祖国母亲俄罗斯！
,,,./audio_RA2/Others/SovietWar/RA2_ms3ca07.mp3,"I will obey the Soviet...Ooh, where am I?",我会服从苏联的领导...噢，我这是在哪儿？
,,,./audio_RA2/Others/SovietWar/RA2_ms3ia01.mp3,Yes master.,是，主人。
,./audio_RA2/Zofia/SovietWar/RA2_ms3so01.mp3,,,"Welcome to New York, Commander. Capture the Allied Battle Lab at the World Trade Center and use their technology to build the PSYCHIC BEACON.",欢迎到纽约来，指挥官。占据位于世界贸易中心的盟军作战实验室，利用他们的科技，兴建心灵信标
,./audio_RA2/Zofia/SovietWar/RA2_ms3so02.mp3,,,"The beacon is placed, Commander, but it needs time to charge. Keep the Allies from destroying the beacon.",心灵信标已经部署完毕，指挥官，但它需要时间充能。不要让盟军摧毁这具心灵信标
,./audio_RA2/Zofia/SovietWar/RA2_ms3so03.mp3,,,Beacon deployed and online.,心灵信标部署完毕，已上线开始运作。
,./audio_RA2/Zofia/SovietWar/RA2_ms3so04.mp3,,,"Excellent, Commander. Now use our new conscripts to deal with the remaining Allied Forces.",太棒了，指挥官。现在使用我们新的动员兵，料理掉仅存的盟军军队
,./audio_RA2/Zofia/SovietWar/RA2_ms4so01.mp3,,,Allied fleet has arrived.,盟军舰队已经抵达
,./audio_RA2/Zofia/SovietWar/RA2_ms4so02.mp3,,,"I have displayed the estimated time remaining until the Allied fleet arrives, Commander.",我已经显示了盟军舰队抵达前剩余的预估时间，指挥官
,./audio_RA2/Zofia/SovietWar/RA2_ms4so03.mp3,,,The Allied air forces are threatening our position. Deploy our flak cannons and they will turn the enemy's air units into scrap metal.,盟军空军对我们所在位置产生威胁。部署防空炮，能将敌人的空军战机化成废铁
,,,./audio_RA2/Others/SovietWar/RA2_ms5te01.mp3,"Get me close to the tower and I'll take care of the rest, Commander.",让我再靠近铁塔一点，其他的事交给我来处理就好，指挥官
,./audio_RA2/Zofia/SovietWar/RA2_ms7so01.mp3,,,Sources have reported that Allied troops are amassing outside their Chronosphere. A squad has just been teleported.,消息来源指出，盟军部队正在他们的超时空传送仪外集结。已经有一小队军队传送了
,./audio_RA2/Zofia/SovietWar/RA2_ms7so02.mp3,,,Another enemy platoon has been teleported by the Chronosphere.,另一排敌军部队已经由超时空传送仪传送了
,./audio_RA2/Zofia/SovietWar/RA2_ms7so03.mp3,,,One last Allied platoon has been teleported by the Chronosphere.,最后一排盟军部队已经由超时空传送仪传送了
,./audio_RA2/Zofia/SovietWar/RA2_ms8so01.mp3,,,"Now that the beacon is destroyed, the Americans are free from Vladimir's mind control!",现在心灵信标已经遭到摧毁，美国人已经不再受维拉迪摩的控制了！
,./audio_RA2/Zofia/SovietWar/RA2_ms8so02.mp3,,,Destroy monuments to receive a cash bonus from Moscow.,摧毁纪念碑，获取来自莫斯科的现金奖励。
,,,./audio_RA2/Others/SovietWar/RA2_ms9pr01.mp3,Get me outta here!,带我离开这里！
,,,./audio_RA2/Others/SovietWar/RA2_ms9pr02.mp3,"You Soviet scum, you'll never take me!",你们这些苏联的人渣，你们永远不可能抓到我！
,,,./audio_RA2/Others/SovietWar/RA2_ms9pr03.mp3,They're breaking in! Do something!,他们攻进来了！做点事吧！
,,,./audio_RA2/Others/SovietWar/RA2_ms9pr04.mp3,"You don't want the Vice President running the country, do you?",你该不会想让副总统治理国家吧，不是吗？
,,,./audio_RA2/Others/SovietWar/RA2_ms9pr05.mp3,Er...,呃哦……
,,,./audio_RA2/Others/SovietWar/RA2_ms9se01.mp3,Get the President out of here! Go go go!,快把总统救出这里！快快快！
,./audio_RA2/Zofia/SovietWar/RA2_ms9so01.mp3,,,Intelligence reports that there is another bridge south of your position.,情报显示，在您目前所在位置以南还有一座桥
,./audio_RA2/Zofia/SovietWar/RA2_ms9so02.mp3,,,Yuri is in route to your position. Clear out the enemy defenses for his arrival.,尤里正朝你的位置前进。在他抵达之前，扫除敌人防卫
,./audio_RA2/Zofia/SovietWar/RA2_ms9so03.mp3,,,"Careful not to destroy the bunker, Commander. We want the President alive for interrogation.",注意不要摧毁碉堡，指挥官。我们希望活捉总统以备审问
,./audio_RA2/Zofia/SovietWar/RA2_ms9so04.mp3,,,The President is on the rescue ship. Sink the ship and we'll fish him from the water.,总统登上了救援船。击沉那艘船，我们会从水里把他捞上来的。
,,./audio_RA2/Yuri/SovietWar/RA2_ms9yu01.mp3,,Perhaps he needs some gentle persuasion.,也许他需要一点温柔的劝说。
,./audio_RA2/Zofia/SovietWar/RA2_msaso01.mp3,,,"Greetings, Commander. Your forces need to invade the Allied base and take over their Battle Lab. Get an Engineer in there so we can pin-point the location of their Super Weapon.",你好，指挥官。你的军队需要侵入盟军基地，占领作战实验室。派一名工程师到那里去，这样我们就能定位他们的超级武器所在位置
,./audio_RA2/Zofia/SovietWar/RA2_msaso02.mp3,,,"When your men are ready, I suggest you begin your assault here, Commander.",当你准备好你的部队后，我建议你从这里开始攻击，指挥官
,./audio_RA2/Zofia/SovietWar/RA2_msaso03.mp3,,,"This beach is well defended, but it is also the only place to land troops effectively. Good luck, Sir.",这个滩头防卫森严，但也是唯一能有效登陆部队的地方。祝您好运，长官
,./audio_RA2/Zofia/SovietWar/RA2_msaso04.mp3,,,"Ah-ha, there it is! A Weather Control Device. Luckily Intel says that it couldn't possibly be operational yet. Take it out, Commander.",啊哈，在这里！天气控制仪。幸运的是，情报指出这座装置暂时还不能使用。将之摧毁吧，指挥官
,./audio_RA2/Zofia/SovietWar/RA2_msaso05.mp3,,,"Apparently our intelligence was wrong. Apologies, Commander. I'm now downloading schematics for a Nuclear Missile Silo so you can deal with this new threat.",很显然我方情报是错误的。我向您道歉，指挥官。我正在下载核弹发射井的简图，以便您应对这个新的威胁
,,./audio_RA2/Yuri/SovietWar/RA2_msayu01.mp3,,Perhaps I could be of assistance.,或许我能帮得上忙
,./audio_RA2/Zofia/SovietWar/RA2_msbso01.mp3,,,"Yuri will destroy us all. He must be stopped, no matter what the cost.",尤里会把我们全部消灭。我们必须不计一切代价阻止他
,./audio_RA2/Zofia/SovietWar/RA2_msbso02.mp3,,,"Commander, Yuri must be using an Iron Curtain device to make his troops invulnerable to attack! Intel indicates that the Iron Curtain effect can't possibly be maintained for long.",指挥官，尤里一定是使用铁幕装置让他的部队刀枪不入！情报指出铁幕的影响效果不可能持续太久
,./audio_RA2/Zofia/SovietWar/RA2_msbso05.mp3,,,"Commander, looks like our Nuclear Silo has been noticed... Yuri's sending a fleet of Kirovs our way!",指挥官，看来我们的核弹发射井已经被发现了...尤里派了大批的基洛夫空艇朝我们而来！
,./audio_RA2/Zofia/SovietWar/RA2_msbso06.mp3,,,We'd better get some Flak Cannons in place.,我们最好加装一些防空炮
,,./audio_RA2/Yuri/SovietWar/RA2_msbyu01.mp3,,"You don't really think that War Factory will help you defeat me, do you?",你不会真的认为战车工厂能帮助你击败我吧？
,,./audio_RA2/Yuri/SovietWar/RA2_msbyu02.mp3,,So you're building a Kirov. I'm impressed.,所以你现在试图建造基洛夫空艇，这实在是令我印象深刻
,,./audio_RA2/Yuri/SovietWar/RA2_msbyu03.mp3,,I wouldn't build that Psychic Sensor if I were you.,换做我是你，我就不会建造那心灵探测器
,,./audio_RA2/Yuri/SovietWar/RA2_msbyu04.mp3,,"You're not really planning to nuke mother Russia, are you?",你不会真打算在祖国俄罗斯上扔核弹吧，不会吧？
,,./audio_RA2/Yuri/SovietWar/RA2_msbyu05.mp3,,Terror Drones are such mindless beasts. Why don't you train an Engineer instead?,恐怖机器人净是些不长脑子的野兽。为什么你不干脆训练个工程师？
,./audio_RA2/Zofia/SovietWar/RA2_mscso03.mp3,,,Now move up the coast. There is a small airfield there where we can build a base and reclaim our captured Kirov airships.,现在移动到海岸线。那里有个小型机场，我们可以在那里兴建基地，重新夺回被俘的基洛夫空艇
,./audio_RA2/Zofia/SovietWar/RA2_mscso04.mp3,,,"They are using the Chronosphere to transport troops into our base! We cannot stop this assault. Attack soon, Commander, or we will be overrun!",他们正在使用超时空传送仪传送部队到我们的基地里！我们无法停止这次攻击。快还击，指挥官，不然我们会被击败！
,./audio_RA2/Zofia/SovietWar/RA2_csofu39.mp3,,,,
,./audio_RA2/Zofia/SovietWar/RA2_csofu40.mp3,,,,
,./audio_RA2/Zofia/SovietWar/RA2_csofu41.mp3,,,,
,./audio_RA2/Zofia/SovietWar/RA2_csofu42.mp3,,,,
,./audio_RA2/Zofia/SovietWar/RA2_csofu43.mp3,,,,
,./audio_RA2/Zofia/SovietWar/RA2_csofu44.mp3,,,,
,./audio_RA2/Zofia/SovietWar/RA2_csofu45.mp3,,,,
,./audio_RA2/Zofia/SovietWar/RA2_csofu46.mp3,,,,
,./audio_RA2/Zofia/SovietWar/RA2_csofu47.mp3,,,,
,./audio_RA2/Zofia/SovietWar/RA2_csofu48.mp3,,,,
,./audio_RA2/Zofia/SovietWar/RA2_csofu49.mp3,,,,
,./audio_RA2/Zofia/SovietWar/RA2_csofu50.mp3,,,,
,./audio_RA2/Zofia/SovietWar/RA2_csofu51.mp3,,,,
,./audio_RA2/Zofia/SovietWar/RA2_csofu52.mp3,,,,
,./audio_RA2/Zofia/SovietWar/RA2_csofu53.mp3,,,,
,./audio_RA2/Zofia/SovietWar/RA2_csofu54.mp3,,,,
,./audio_RA2/Zofia/SovietWar/RA2_csofu55.mp3,,,,
,./audio_RA2/Zofia/SovietWar/RA2_csofu56.mp3,,,,
,./audio_RA2/Zofia/SovietWar/RA2_csofu57.mp3,,,,
,./audio_RA2/Zofia/SovietWar/RA2_csofu58.mp3,,,,
,./audio_RA2/Zofia/SovietWar/RA2_csofu59.mp3,,,,
,./audio_RA2/Zofia/SovietWar/RA2_csofu60.mp3,,,,
,./audio_RA2/Zofia/SovietWar/RA2_csofu61.mp3,,,,
,./audio_RA2/Zofia/SovietWar/RA2_csofu62.mp3,,,,
,./audio_RA2/Zofia/SovietWar/RA2_csofu63.mp3,,,,
,./audio_RA2/Zofia/SovietWar/RA2_csofu64.mp3,,,,
,./audio_RA2/Zofia/SovietWar/RA2_csofu65.mp3,,,,
,./audio_RA2/Zofia/SovietWar/RA2_csofu66.mp3,,,,
,./audio_RA2/Zofia/SovietWar/RA2_csofu67.mp3,,,,
,./audio_RA2/Zofia/SovietWar/RA2_csofu68.mp3,,,,
,./audio_RA2/Zofia/SovietWar/RA2_csofu69.mp3,,,,
,./audio_RA2/Zofia/SovietWar/RA2_csofu70.mp3,,,,
,./audio_RA2/Zofia/SovietWar/RA2_csofu71.mp3,,,,
,./audio_RA2/Zofia/SovietWar/RA2_csofu72.mp3,,,,
,./audio_RA2/Zofia/SovietWar/RA2_csofu73.mp3,,,,
,./audio_RA2/Zofia/SovietWar/RA2_csofu74.mp3,,,,
,./audio_RA2/Zofia/SovietWar/RA2_csofu75.mp3,,,,
,./audio_RA2/Zofia/SovietWar/RA2_csofu76.mp3,,,,
,./audio_RA2/Zofia/SovietWar/RA2_csofu77.mp3,,,,
,./audio_RA2/Zofia/SovietWar/RA2_csofu78.mp3,,,,
,./audio_RA2/Zofia/SovietWar/RA2_csofu79.mp3,,,,
,./audio_RA2/Zofia/SovietWar/RA2_csofu80.mp3,,,,
,./audio_RA2/Zofia/SovietWar/RA2_csofu81.mp3,,,,
,./audio_RA2/Zofia/SovietWar/RA2_csofu82.mp3,,,,
,./audio_RA2/Zofia/SovietWar/RA2_csofu83.mp3,,,,
,./audio_RA2/Zofia/SovietWar/RA2_csofu85.mp3,,,,
,./audio_RA2/Zofia/SovietWar/RA2_csofu86.mp3,,,,
,./audio_RA2/Zofia/SovietWar/RA2_csofu87.mp3,,,,
,./audio_RA2/Zofia/SovietWar/RA2_csofu88.mp3,,,,
,./audio_RA2/Zofia/SovietWar/RA2_csofu89.mp3,,,,
,./audio_RA2/Zofia/SovietWar/RA2_csofu90.mp3,,,,
,./audio_RA2/Zofia/SovietWar/RA2_csofu91.mp3,,,,
,./audio_RA2/Zofia/SovietWar/RA2_csofu92.mp3,,,,
,./audio_RA2/Zofia/SovietWar/RA2_csofu93.mp3,,,,
,./audio_RA2/Zofia/SovietWar/RA2_csofu94.mp3,,,,
,,,./audio_RA2/Others/SovietWar/RA2_s01_p01.mp3,,
,,,./audio_RA2/Others/SovietWar/RA2_s01_p03.mp3,,
,,,./audio_RA2/Others/SovietWar/RA2_s02_p01.mp3,,
,,,./audio_RA2/Others/SovietWar/RA2_s03_p01.mp3,,
,,,./audio_RA2/Others/SovietWar/RA2_s04_p01.mp3,,
,,,./audio_RA2/Others/SovietWar/RA2_s05_p01.mp3,,
,,,./audio_RA2/Others/SovietWar/RA2_s06_p02.mp3,,
,,,./audio_RA2/Others/SovietWar/RA2_s07_p01.mp3,,
,,,./audio_RA2/Others/SovietWar/RA2_xs1bo01.mp3,Boris reporting.,鲍里斯报到.
,,,./audio_RA2/Others/SovietWar/RA2_xs1bo02.mp3,"Have I been gone somewhere, Comrade Sofia?",我刚才去过什么地方么，索菲亚同志?
,,,./audio_RA2/Others/SovietWar/RA2_xs1bo03.mp3,"I am not swimming out there, get me an armored transport from shipyard!",我可不会游过去，从码头给我整个装甲载具带我过去！
,./audio_RA2/Zofia/SovietWar/RA2_xs1so01.mp3,,,"Excellent, commander. Now take your troops and capture the time machine here.",非常好，指挥官。现在带上你的部队占领这里的时间机器。
,./audio_RA2/Zofia/SovietWar/RA2_xs1so02.mp3,,,"Once we capture it, we can travel back in time, and destory the Phychic Dominator.",一旦我们占领了它，我们就能回到过去，然后摧毁心灵控制器。
,./audio_RA2/Zofia/SovietWar/RA2_xs1so03.mp3,,,"Good luck, sir.",祝你好运，指挥官。
,./audio_RA2/Zofia/SovietWar/RA2_xs1so04.mp3,,,"Commander, don't try to attack the Phychic Dominator now, it's too well defended in this time period. First capture the time machine so we can attack the Dominator in the past, before the defences were placed.",指挥官，现在先不要尝试进攻心灵控制器。它在这个时空下防守太过严密。我们首先先占领时间机器，这样就能在过去的时空，也就是防御措施尚未建立的时候进攻它了。
,./audio_RA2/Zofia/SovietWar/RA2_xs1so05.mp3,,,"Stop, sir! we may need those powerplants to bring the time machine online.",停下，指挥官！我们也许需要这些发电厂来让时间机器恢复运作。
,./audio_RA2/Zofia/SovietWar/RA2_xs1so06.mp3,,,"This is Alcatraz Island, Commander. This will be our target when we arrive in the past. But first we must capture the allied Time Machine.",这里是恶魔岛，指挥官。这里将成为我们回到过去时空后的目标。但我们首先应当占领盟军的时间机器。
,./audio_RA2/Zofia/SovietWar/RA2_xs1so07.mp3,,,That's it! We have enough power. We are beginning the time shift.,就是这样！我们有充足的电量了。我们现在就启动时间穿梭。
,./audio_RA2/Zofia/SovietWar/RA2_xs1so08.mp3,,,"Sir, Yuri almost has enough power to use the Phychic Dominator. Stop him, and get to the time machine.",指挥官，尤里几乎要获得足够的能源来启动心灵控制器了。阻止他，然后拿下时间机器。
,./audio_RA2/Zofia/SovietWar/RA2_xs1so09.mp3,,,"Sir, too many of the powerplants have been destroyed. We must abort the mission.",指挥官，发电厂已经被摧毁太多了，我们必须放弃任务。
,./audio_RA2/Zofia/SovietWar/RA2_xs1so10.mp3,,,"Sir, we have lost Boris. We cannot complete the mission without him.",指挥官，我们失去了鲍里斯。我们无法在没有他的情况下完成任务。
,./audio_RA2/Zofia/SovietWar/RA2_xs1so11.mp3,,,"The time machine has recharged. Hold on, commander, the time shift is beginning.",时间机器已经充能完成。抓稳，指挥官，时间穿梭正在启动。
,./audio_RA2/Zofia/SovietWar/RA2_xs1so12.mp3,,,"Commander, if my records are correct, there should been established a soviet base in the area during this time period. Find it, and assume command.",指挥官，如果我的记录是正确的，在这个时空，这个地区应该建立有一个苏军基地。找到它，之后接管指挥。
,./audio_RA2/Zofia/SovietWar/RA2_xs1so13.mp3,,,"Good, we have assume command of this base. Now build up a strike force and destroy the Phychic Dominator.",很好，我们已经接管了这个基地的指挥权。现在建立一支突袭部队，然后拿下那座心灵控制器。
,./audio_RA2/Zofia/SovietWar/RA2_xs1so14.mp3,,,"Sir, you must destroy the allied navy and grand cannons before our transports can approch.",指挥官，在我们的运输力量能够接近前，你必须摧毁掉盟军海军和巨炮
,./audio_RA2/Zofia/SovietWar/RA2_xs1so15.mp3,,,"The time machine has been destroyed, we have failed our mission.",时间机器被摧毁，我们的任务失败了。
,./audio_RA2/Zofia/SovietWar/RA2_xs1so16.mp3,,,No! I can't believe we've lost Boris again. It is a dark day of mother Russia.,不！我无法相信我们居然又失去了鲍里斯同志，这是我们祖国母亲俄罗斯黑暗的一天。
,./audio_RA2/Zofia/SovietWar/RA2_xs1so17.mp3,,,"Comrade General, Boris has fallen. We must not let his sacrisfice be in vain.",将军同志，鲍里斯已经牺牲了。我们绝不能让他的牺牲白费。
,./audio_RA2/Zofia/SovietWar/RA2_xs1so18.mp3,,,"Stop, comrade General. Do not destroy the time machine, we need it to continue our mission.",停下，指挥官同志。不要毁掉时间机器，我们需要它来进行我们的任务。
,./audio_RA2/Zofia/SovietWar/RA2_xs1so19.mp3,,,"Look out, General. Those defences are threatening our position.",注意，将军。那些防御措施正在威胁我们所在位置。
,./audio_RA2/Zofia/SovietWar/RA2_xs1so20.mp3,,,"Commander, destroy all of the defences around the time machine, so we can capture it.",指挥官，摧毁掉时间机器周围的所有防守力量，这样我们就能占领它了。
,./audio_RA2/Zofia/SovietWar/RA2_xs1so21.mp3,,,"This is Alcatraz Island, commander. This will be our target when we arrive in the past. But first we must capture the Allied Time Machine.",这里是恶魔岛，指挥官。这里将是我们回到过去时空之后的目标。但首先我们必须占领盟军的时空机器。
,./audio_RA2/Zofia/SovietWar/RA2_xs1so22.mp3,,,"Comrade Boris, it is good to see you again.",鲍里斯同志，很高兴再次看到你。
,./audio_RA2/Zofia/SovietWar/RA2_xs1so23.mp3,,,"No, no, of course not. It is just good to see that you are well.",不、不，当然没有。看到你一切安好就好。
,./audio_RA2/Zofia/SovietWar/RA2_xs1so24.mp3,,,"We should find Boris when we arriving the past, so we can avoid his dark future.",当我们到达过去时空时我们应该能找到鲍里斯，这样我们就能避免他遭遇他的黑暗未来了。
,./audio_RA2/Zofia/SovietWar/RA2_xs1so25.mp3,,,"Sir, Yuri's engineers are trying to capture the powerplants in the city. If he captures enough of them, he will bring the Phychic Dominator online, and all will be lost.",指挥官，尤里的工程师正在尝试占领城市中的发电厂。如果他们占领的数量足够，他将让心灵控制器恢复运作，之后我们的一切都将不复存在。
,./audio_RA2/Zofia/SovietWar/RA2_xs2so01.mp3,,,"Commander, your first task is to eliminate the German border stations that guard the enter ways into Germany.",指挥官，您的首要任务是清除掉横亘在深入德国国土必经路线上的德国边境哨站。
,./audio_RA2/Zofia/SovietWar/RA2_xs2so02.mp3,,,These forces should be more than sufficient for the task given your exceptional command abilities.,鉴于您卓越的指挥能力，这些部队应该足以完成任务。
,./audio_RA2/Zofia/SovietWar/RA2_xs2so03.mp3,,,"Einstein's laboratory is here. Your objective is to destroy the lab and this prototype Chronosphere to ensure the allies cannot rally to victory, this time around.",爱因斯坦的实验室在这里。你的目标是摧毁这个实验室和这台超时空转换仪的原型机，以确保盟军这次不会取得胜利。
,./audio_RA2/Zofia/SovietWar/RA2_xs2so04.mp3,,,"The allied general and his base is your only true opponent, commander. Ignore him, or crush him, at your leisure.",盟军的将军和他的基地是你唯一的真正对手。无视他，或者碾碎他，随您所欲。
,./audio_RA2/Zofia/SovietWar/RA2_xs2so05.mp3,,,"Sir, the allied commander has deployed teams of mirage tanks to try to stop us. Be aware of the trees, commander general. They may be the cowardly mirage tanks.",指挥官，盟军指挥官已部署了幻影坦克部队并妄图阻止我们。注意那些树，将军同志。他们有可能是那些懦夫般的幻影坦克。
,./audio_RA2/Zofia/SovietWar/RA2_xs2so06.mp3,,,"Comrade general, Einstein's Chronosphere is now functional. He has turned it over to his allied defenders. It now threatens our base.",将军同志，爱因斯坦的超时空转换仪现在已经开始运作。他已经把它交给了保护他的盟军部队。它现在对我们的基地造成威胁。
,./audio_RA2/Zofia/SovietWar/RA2_xs2so07.mp3,,,"Our tanks can be protected from the allies attacks by placing them within our new tank bunkers, commander. From inside they can shoot passing enemy units just as our conscripts garrison a building.",我们的坦克可以通过部署在我们新的坦克碉堡里来保护它们免受盟军的攻击，指挥官。他们可以在里面射击过往的敌军部队，就像我们的动员兵驻扎在建筑物中那样。
,./audio_RA2/Zofia/SovietWar/RA2_xs3so01.mp3,,,This looks like an ambush. Make sure the men are ready.,这看起来像是个圈套。确保我们的部队准备万全。
,./audio_RA2/Zofia/SovietWar/RA2_xs3so02.mp3,,,"Operatives have located the Psychic Beacon here. They also reported the sniper in the area. Be careful, sir.",我们的特工在此处确定了心灵信标的位置。他们还报告称此区域有狙击手存在。请小心，指挥官。
,./audio_RA2/Zofia/SovietWar/RA2_xs3so03.mp3,,,,
,./audio_RA2/Zofia/SovietWar/RA2_xs3so04.mp3,,,Yuri is using innocent civilians to power his base. Destory the grinder building to limit his resources.,尤里正在利用无辜的群众为他的基地提供资源。毁掉部队回收厂来限制他的资源来源。
,./audio_RA2/Zofia/SovietWar/RA2_xs3so05.mp3,,,"The Psychic Dominator is armed, commander. Destory it quickly before Yuri can use it against us.",心灵控制器已经被武装起来了，指挥官。在尤里能够利用它对抗我们之前迅速摧毁它。
,./audio_RA2/Zofia/SovietWar/RA2_xs3so06.mp3,,,"The enemy is prepared for your assult, sir.",敌人已经对您的进攻有所准备，指挥官。
,./audio_RA2/Zofia/SovietWar/RA2_xs3so07.mp3,,,"Watch out, commander. There is a sniper in the area.",注意，指挥官。该地区有狙击手出没。
,./audio_RA2/Zofia/SovietWar/RA2_xs3so08.mp3,,,"Special agent Tanya C4 charges will be quite useful, even if she's not as skilled as Boris.",特工谭雅的C4炸弹将非常有效，即使她不像鲍里斯那样经验丰富。
,./audio_RA2/Zofia/SovietWar/RA2_xs3so09.mp3,,,"Oh, sorry sir. I thought this channel was secure.",噢，抱歉指挥官。我以为这个通讯频道是加密的。（被谭雅姐听到了很尴尬hhh）
,./audio_RA2/Zofia/SovietWar/RA2_xs3so10.mp3,,,"Sir, the war factory is now equipped to produce tesla tanks. Their ability to shoot over walls should help overcome Yuri's defences.",指挥官，战车工厂现在已经能够生产磁暴坦克。他们越墙射击的能力应该有助于克服尤里的防御措施。
,./audio_RA2/Zofia/SovietWar/RA2_xs3so11.mp3,,,"Warning, enemy forces in your area.",警告，敌军部队出现在您的区域内。
,,,./audio_RA2/Others/SovietWar/RA2_xs3ta01.mp3,"What? (laugh) Yeah, right, Boris is skilled. Ooh, look at me, I can call in an airstrike! Please...",什么？（笑）嗯，对，鲍里斯经验丰富。哦~看看我吧，我可以呼叫空袭支援！差不多得了...（谭雅姐的傲娇劲上来了hhh）
,,,./audio_RA2/Others/SovietWar/RA2_xs3ta02.mp3,"Game's over, Yuri. You're about to lose.",游戏结束了，尤里。你马上要输了。
,,./audio_RA2/Yuri/SovietWar/RA2_xs3yu01.mp3,,"So, you have freed the allied forces. No matter, their weak minds will not help you to defeat me.",所以，你解救了盟军部队。没关系，他们软弱的意志不会帮助你击败我的。
,,./audio_RA2/Yuri/SovietWar/RA2_xs3yu02.mp3,,"My Psychic Dominator is almost armed. Give up, commander. Soon all your bases will belong to me.",我的心灵控制器几乎要武装完毕了。放弃吧，指挥官。你所有的建筑马上就要归我所有了。
,,./audio_RA2/Yuri/SovietWar/RA2_xs3yu03.mp3,,No! You have sealed your fate. Everyone attack.,不！你已经决定了你的命运。全员进攻。
,,./audio_RA2/Yuri/SovietWar/RA2_xs3yu04.mp3,,"Last chance, comrade. Leave the Dominator alone, or you will beg for your death.",最后一次机会，同志。别碰心灵控制器，否则你将生不如死。
,,./audio_RA2/Yuri/SovietWar/RA2_xs3yu05.mp3,,"Your mind is weak, comrade. You should leave, before I grow angry.",你的意志很软弱，同志。你应当趁我还没生气之前离开。
,,./audio_RA2/Yuri/SovietWar/RA2_xs3yu06.mp3,,"Welcome to the game, agent Tanya.",欢迎加入游戏，特工谭雅。
,,./audio_RA2/Yuri/SovietWar/RA2_xs3yu07.mp3,,It appears all game was to much for agent Tanya.,看起来整个游戏对于特工谭雅来讲有点太过困难了（谭雅死后触发）
,,,./audio_RA2/Others/SovietWar/RA2_xs4ro01.mp3,Err...Yuri is calling me.,呃啊...尤里正在呼唤我（罗曼诺夫被心控时触发）
,,,./audio_RA2/Others/SovietWar/RA2_xs4ro02.mp3,These are plans for Iron Curtain. Use on our Demolition Truck to make ultimate weapon of destruction.,这些是铁幕装置的建造计划。将铁幕施加在我们的自爆卡车上来制造终极破坏性武器。
,,,./audio_RA2/Others/SovietWar/RA2_xs4ro03.mp3,"I am in Yuri's base. Help me, comrade general.",我现在在尤里的基地里。救救我，将军同志。（罗曼诺夫被心控并且带回尤里基地内后触发）
,,,./audio_RA2/Others/SovietWar/RA2_xs4ro04.mp3,Ah...I am myself once again.,啊...我终于再次做回自己了。
,,,./audio_RA2/Others/SovietWar/RA2_xs4ro05.mp3,Get me to airport.,带我去机场。
,./audio_RA2/Zofia/SovietWar/RA2_xs4so01.mp3,,,We have located Premier Romanov.,我们找到了罗曼诺夫总理的位置。
,./audio_RA2/Zofia/SovietWar/RA2_xs4so02.mp3,,,"Sir, if the enemy base near the airport is still in tact, Premier Romanov's life is in danger. You must not take him any closer.",指挥官，如果机场附近的敌人基地还在，罗曼诺夫总理的生命就有危险。你不能再带他靠近了。
,./audio_RA2/Zofia/SovietWar/RA2_xs4so03.mp3,,,We must get Premier Romanov to the safety of the airport.,我们必须把罗曼诺夫总理送到机场的安全地带。
,./audio_RA2/Zofia/SovietWar/RA2_xs4so04.mp3,,,We believe that Premier Romanov is hiding out in the eastern part of the city. We must locate him before Yuri does.,我们相信罗曼诺夫总理正躲在城市的东部地区。我们必须在尤里之前找到他。
,./audio_RA2/Zofia/SovietWar/RA2_xs4so05.mp3,,,"Excellent, comrade general. The airport's air defences have been neutralized. We can now safely evacuate Premier Romanov.",很好，将军同志。机场的防空设施已经被解除了。我们现在可以安全疏散罗曼诺夫总理了。
,./audio_RA2/Zofia/SovietWar/RA2_xs4so06.mp3,,,"Sir, the premier has been captured by one of Yuri's clones. We must rescue him immediately.",长官，总理已经被一个尤里复制人控制了。我们必须立刻营救他。
,,./audio_RA2/Yuri/SovietWar/RA2_xs4yu01.mp3,,,
,,./audio_RA2/Yuri/SovietWar/RA2_xs4yu02.mp3,,,
,,./audio_RA2/Yuri/SovietWar/RA2_xs4yu03.mp3,,,
,,./audio_RA2/Yuri/SovietWar/RA2_xs4yu04.mp3,,,
,,./audio_RA2/Yuri/SovietWar/RA2_xs4yu05.mp3,,,
,./audio_RA2/Zofia/SovietWar/RA2_xs5so01.mp3,,,,
,./audio_RA2/Zofia/SovietWar/RA2_xs5so02.mp3,,,,
,./audio_RA2/Zofia/SovietWar/RA2_xs5so03.mp3,,,,
,./audio_RA2/Zofia/SovietWar/RA2_xs5so04.mp3,,,,
,./audio_RA2/Zofia/SovietWar/RA2_xs5so05.mp3,,,,
,./audio_RA2/Zofia/SovietWar/RA2_xs5so06.mp3,,,,
,./audio_RA2/Zofia/SovietWar/RA2_xs5so07.mp3,,,,
,./audio_RA2/Zofia/SovietWar/RA2_xs5so08.mp3,,,,
,./audio_RA2/Zofia/SovietWar/RA2_xs5so09.mp3,,,,
,./audio_RA2/Zofia/SovietWar/RA2_xs5so10.mp3,,,,
,./audio_RA2/Zofia/SovietWar/RA2_xs5so11.mp3,,,,
,./audio_RA2/Zofia/SovietWar/RA2_xs5so12.mp3,,,,
,./audio_RA2/Zofia/SovietWar/RA2_xs5so13.mp3,,,,
,./audio_RA2/Zofia/SovietWar/RA2_xs5so14.mp3,,,,
,,./audio_RA2/Yuri/SovietWar/RA2_xs5yu01.mp3,,,
,,./audio_RA2/Yuri/SovietWar/RA2_xs5yu02.mp3,,,
,./audio_RA2/Zofia/SovietWar/RA2_xs6so01.mp3,,,,
,./audio_RA2/Zofia/SovietWar/RA2_xs6so02.mp3,,,,
,./audio_RA2/Zofia/SovietWar/RA2_xs6so03.mp3,,,,
,./audio_RA2/Zofia/SovietWar/RA2_xs6so04.mp3,,,,
,,./audio_RA2/Yuri/SovietWar/RA2_xs6yu01.mp3,,,
,,./audio_RA2/Yuri/SovietWar/RA2_xs6yu02.mp3,,,
,./audio_RA2/Zofia/SovietWar/RA2_xs7so01.mp3,,,,
,./audio_RA2/Zofia/SovietWar/RA2_xs7so02.mp3,,,,
,./audio_RA2/Zofia/SovietWar/RA2_xs7so03.mp3,,,,
,./audio_RA2/Zofia/SovietWar/RA2_xs7so04.mp3,,,,
,,./audio_RA2/Yuri/SovietWar/RA2_xs7yu01.mp3,,,
,,./audio_RA2/Yuri/SovietWar/RA2_xs7yu02.mp3,,,
